prog_no;Cycle;Prog Type;Obs #;Label;Obs type;Target;TOI;RA (deg);Dec (deg);Gmag;Kmag;Teff (K);Planet;Period (d);Radius (Re);Radius (RJ);Teq (K);;;
1177;1;GTO;4;GJ 436b EMIS;transit;GJ 436;1796;175.5527342;26.70128073;9.57148;6.073;3586.11;GJ 436 b;2.64388312;4.17;0.372;688;;;
1177;1;GTO;5;GJ 436b EMIS;transit;GJ 436;1796;175.5528793;26.70116295;9.57148;6.073;3586.11;GJ 436 b;2.64388312;4.17;0.372;688;;;
1177;1;GTO;6;HAT-P-26 b TRANS;transit;HAT-P-26;5632;213.1566344;4.059101442;11.4641;9.581;5079;HAT-P-26 b;4.23452;7.062;0.63;1044;;;
1177;1;GTO;7;TRAPPIST-1 b Sec Eclipse;eclipse;TRAPPIST-1;;346.6283009;-5.044440304;15.6451;10.296;2566;TRAPPIST-1 b;1.510826;1.116;0.1;399;;;
1177;1;GTO;8;TRAPPIST-1 b Sec Eclipse;eclipse;TRAPPIST-1;;346.6283095;-5.044444711;15.6451;10.296;2566;TRAPPIST-1 b;1.510826;1.116;0.1;399;;;
1177;1;GTO;9;TRAPPIST-1 b Sec Eclipse;eclipse;TRAPPIST-1;;346.6283127;-5.044446368;15.6451;10.296;2566;TRAPPIST-1 b;1.510826;1.116;0.1;399;;;
1177;1;GTO;10;TRAPPIST-1 b Sec Eclipse;eclipse;TRAPPIST-1;;346.6283191;-5.044449674;15.6451;10.296;2566;TRAPPIST-1 b;1.510826;1.116;0.1;399;;;
1177;1;GTO;11;TRAPPIST-1 b Sec Eclipse;eclipse;TRAPPIST-1;;346.6283041;-5.044441956;15.6451;10.296;2566;TRAPPIST-1 b;1.510826;1.116;0.1;399;;;
1177;1;GTO;3;WASP-69 b EMIS;eclipse;WASP-69;5823;315.0260398;-5.095061675;9.48466;7.459;4700;WASP-69 b;3.86814;12.442;1.11;988;;;
1177;1;GTO;1;WASP-80b TRANS;transit;WASP-80;5801;303.1665328;-2.144537387;11.273;8.351;4143;WASP-80 b;3.06785234;11.198;0.999;827;;;
1177;1;GTO;2;WASP-80b EMIS;eclipse;WASP-80;5801;303.1665326;-2.144537446;11.273;8.351;4143;WASP-80 b;3.06785234;11.198;0.999;827;;;
1185;1;GTO;18;G395H transit;transit;GJ 1214;;258.8327004;4.959003954;13.0089;8.782;3250;GJ 1214 b;1.58040433;2.742;0.245;588;;;
1185;1;GTO;19;G395H transit;transit;GJ 1214;;258.8327011;4.959003052;13.0089;8.782;3250;GJ 1214 b;1.58040433;2.742;0.245;588;;;
1185;1;GTO;16;F322W2 Transit;transit;GJ 3470;5094;119.7731097;15.3910917;11.3537;7.989;3600;GJ 3470 b;3.3366496;4.57;0.408;683;;;
1185;1;GTO;17;F444W Transit;transit;GJ 3470;5094;119.7731092;15.39109155;11.3537;7.989;3600;GJ 3470 b;3.3366496;4.57;0.408;683;;;
1185;1;GTO;10;HD;transit;GJ 436;1796;175.5526355;26.70136089;9.57148;6.073;3586.11;GJ 436 b;2.64388312;4.17;0.372;688;;;
1185;1;GTO;11;F444W Sec Eclipse;transit;GJ 436;1796;175.5526315;26.70136416;9.57148;6.073;3586.11;GJ 436 b;2.64388312;4.17;0.372;688;;;
1185;1;GTO;12;F322W2 Sec Eclipse;transit;GJ 436;1796;175.5506801;26.69949922;9.57148;6.073;3586.11;GJ 436 b;2.64388312;4.17;0.372;688;;;
1185;1;GTO;13;F444W Sec Eclipse;transit;GJ 436;1796;175.5526234;26.7013707;9.57148;6.073;3586.11;GJ 436 b;2.64388312;4.17;0.372;688;;;
1185;1;GTO;14;F322W2 Sec Eclipse;transit;GJ 436;1796;175.5528934;26.7011515;9.57148;6.073;3586.11;GJ 436 b;2.64388312;4.17;0.372;688;;;
1185;1;GTO;15;F444W Sec Eclipse;transit;GJ 436;1796;175.5528833;26.70115968;9.57148;6.073;3586.11;GJ 436 b;2.64388312;4.17;0.372;688;;;
1185;1;GTO;1;F444W Sec Eclipse;eclipse;HD 189733;4470;300.1821149;22.70927159;7.41432;5.541;5052;HD 189733 b;2.21857567;12.666;1.13;1193;;;
1185;1;GTO;8;F322W2 Transit;transit;WASP-107;1905;188.386222;-10.14623374;11.174;8.637;4425;WASP-107 b;5.7214742;10.536;0.94;745;;;
1185;1;GTO;9;F444W Transit;transit;WASP-107;1905;188.3862091;-10.14623498;11.174;8.637;4425;WASP-107 b;5.7214742;10.536;0.94;745;;;
1185;1;GTO;6;F322W2 Sec Eclipse;eclipse;WASP-69;5823;315.026035;-5.095048207;9.48466;7.459;4700;WASP-69 b;3.86814;12.442;1.11;988;;;
1185;1;GTO;7;F444W Sec Eclipse;eclipse;WASP-69;5823;315.0260407;-5.095064149;9.48466;7.459;4700;WASP-69 b;3.86814;12.442;1.11;988;;;
1185;1;GTO;2;F322W2 Transit;transit;WASP-80;5801;303.1665291;-2.144538799;11.273;8.351;4143;WASP-80 b;3.06785234;11.198;0.999;827;;;
1185;1;GTO;4;F322W2 Sec Eclipse;eclipse;WASP-80;5801;303.1665292;-2.14453874;11.273;8.351;4143;WASP-80 b;3.06785234;11.198;0.999;827;;;
1185;1;GTO;5;F444W Sec Eclipse;eclipse;WASP-80;5801;303.1665063;-2.144547446;11.273;8.351;4143;WASP-80 b;3.06785234;11.198;0.999;827;;;
1185;1;GTO;103;F444W Transit;transit;WASP-80;5801;303.1664947;-2.144551859;11.273;8.351;4143;WASP-80 b;3.06785234;11.198;0.999;827;;;
1201;1;GTO;10;eclipse;transit;GJ 3470;5094;119.7730558;15.39107627;11.3537;7.989;3600;GJ 3470 b;3.3366496;4.57;0.408;683;;;
1201;1;GTO;201;transit;transit;GJ 357;562;144.0078125;-21.66737245;9.88036;6.475;3505;GJ 357 b;3.9306;1.2;0.107;519;;;
1201;1;GTO;3;Primary transit;transit;HAT-P-1;1388;344.4454562;38.67482563;10.1786;8.858;5980;HAT-P-1 b;4.46529976;14.785;1.319;1323;;;
1201;1;GTO;4;Secondary eclipse;transit;HAT-P-1;1388;344.4415889;38.67395985;10.1786;8.858;5980;HAT-P-1 b;4.46529976;14.785;1.319;1323;;;
1201;1;GTO;302;transit c;transit;L 98-59;175;124.5328604;-68.31446667;10.5976;7.101;3412;L 98-59 c;3.6906745;1.34;0.12;515;;;
1201;1;GTO;311;transit d;transit;L 98-59;175;124.5333941;-68.31517518;10.5976;7.101;3412;L 98-59 d;7.450729;1.58;0.141;407;;;
1201;1;GTO;401;Transit;transit;LP 791-18;736;165.6899741;-16.40657454;15.0715;10.644;2960;LP 791-18 c;4.9899093;2.438;0.218;352;;;
1201;1;GTO;2;phase curve;phase;LTT 9779;193;358.6694858;-37.628361;9.60006;8.016;5443;LTT 9779 b;0.792052;4.72;0.421;1974;;;
1201;1;GTO;101;Planet f - transit 1;transit;TRAPPIST-1;;346.6282929;-5.044435834;15.6451;10.296;2566;TRAPPIST-1 f;9.20754;1.045;0.093;218;;;
1201;1;GTO;102;Planet f - transit 2;transit;TRAPPIST-1;;346.6284695;-5.044526389;15.6451;10.296;2566;TRAPPIST-1 f;9.20754;1.045;0.093;218;;;
1201;1;GTO;103;Planet f - transit 3;transit;TRAPPIST-1;;346.6284826;-5.0445331;15.6451;10.296;2566;TRAPPIST-1 f;9.20754;1.045;0.093;218;;;
1201;1;GTO;104;Planet f - transit 4;transit;TRAPPIST-1;;346.628463;-5.044523043;15.6451;10.296;2566;TRAPPIST-1 f;9.20754;1.045;0.093;218;;;
1201;1;GTO;105;Planet f - transit 5;transit;TRAPPIST-1;;346.6284565;-5.044519681;15.6451;10.296;2566;TRAPPIST-1 f;9.20754;1.045;0.093;218;;;
1201;1;GTO;111;Planet d - transit 1;eclipse;TRAPPIST-1;;346.6283016;-5.044440309;15.6451;10.296;2566;TRAPPIST-1 d;4.049219;0.788;0.07;287;;;
1201;1;GTO;112;Planet d - transit 1;eclipse;TRAPPIST-1;;346.6282988;-5.044438833;15.6451;10.296;2566;TRAPPIST-1 d;4.049219;0.788;0.07;287;;;
1201;1;GTO;8;Primary transit;transit;WASP-107;1905;188.3862108;-10.14623457;11.174;8.637;4425;WASP-107 b;5.7214742;10.536;0.94;745;;;
1201;1;GTO;502;eclipse NIRSPEC (repeat);transit;WASP-107;1905;188.3864275;-10.14621389;11.174;8.637;4425;WASP-107 b;5.7214742;10.536;0.94;745;;;
1201;1;GTO;1;Phase curve;phase;WASP-121;495;107.6002201;-39.09721013;10.3746;9.374;6776;WASP-121 b;1.27492504;19.649;1.753;2450;;;
1201;1;GTO;6;transit;transit;WASP-127;675;160.5588097;-3.83496017;10.054;8.641;5620;WASP-127 b;4.17806203;14.695;1.311;1421;;;
1201;1;GTO;501;transit;transit;WASP-52;;348.4947789;8.760989533;11.9537;10.086;5000;WASP-52 b;1.7497798;14.24;1.27;1299;;;
1201;1;GTO;7;eclipse;transit;WASP-80;5801;303.1664923;-2.14455321;11.273;8.351;4143;WASP-80 b;3.06785234;11.198;0.999;827;;;
1224;1;GTO;1;L98-59d - Transit;transit;L 98-59;175;124.5334294;-68.31522066;10.5976;7.101;3412;L 98-59 d;7.450729;1.58;0.141;407;;;
1224;1;GTO;3;WASP-107b - Transit;transit;WASP-107;1905;188.3862103;-10.14623613;11.174;8.637;4425;WASP-107 b;5.7214742;10.536;0.94;745;;;
1224;1;GTO;2;WASP-43b - Phase curve;phase;WASP-43;656;154.9080936;-9.806524997;11.907;9.267;4400;WASP-43 b;0.813475;10.424;0.93;1379;;;
1224;1;GTO;4;WASP-52b - Eclipse;eclipse;WASP-52;;348.4947776;8.760980605;11.9537;10.086;5000;WASP-52 b;1.7497798;14.24;1.27;1299;;;
1274;1;GTO;12;eclipse;eclipse;GJ 1132;667;153.7056263;-47.1540157;12.138;8.322;3270;GJ 1132 b;1.628931;1.13;0.101;584;;;
1274;1;GTO;4;HD149_F322W2;transit;HD 149026;2024;247.6227886;38.3476382;8.01416;6.819;6179;HD 149026 b;2.87589;8.295;0.74;1694;;;
1274;1;GTO;5;HD149_F444W;transit;HD 149026;2024;247.6227871;38.347639;8.01416;6.819;6179;HD 149026 b;2.87589;8.295;0.74;1694;;;
1274;1;GTO;1;HD189_F322W2;eclipse;HD 189733;4470;300.1821154;22.70927748;7.41432;5.541;5052;HD 189733 b;2.21857567;12.666;1.13;1193;;;
1274;1;GTO;2;HD209_F322W2;transit;HD 209458;5972;330.7950861;18.88420499;7.50866;6.308;6091;HD 209458 b;3.52474859;15.581;1.39;1477;;;
1274;1;GTO;3;HD209_F444W;transit;HD 209458;5972;330.7950861;18.88420504;7.50866;6.308;6091;HD 209458 b;3.52474859;15.581;1.39;1477;;;
1274;1;GTO;9;W19_PRISM;eclipse;WASP-19;655;148.4166597;-45.65907168;12.1088;10.481;5616;WASP-19 b;0.78883852;15.861;1.415;2117;;;
1274;1;GTO;10;W77_G395;eclipse;WASP-77 A;398;37.15571231;-7.060673249;10.0966;8.405;5617;WASP-77 A b;1.36002854;13.787;1.23;1691;;;
1279;1;GTO;2;TRAPPIST-1 b Eclipse1;eclipse;TRAPPIST-1;;346.6283852;-5.044529629;15.6451;10.296;2566;TRAPPIST-1 b;1.510826;1.116;0.1;399;;;
1279;1;GTO;3;TRAPPIST-1 b Eclipse1;eclipse;TRAPPIST-1;;346.6283906;-5.044532336;15.6451;10.296;2566;TRAPPIST-1 b;1.510826;1.116;0.1;399;;;
1279;1;GTO;4;TRAPPIST-1 b Eclipse1;eclipse;TRAPPIST-1;;346.6283789;-5.044526372;15.6451;10.296;2566;TRAPPIST-1 b;1.510826;1.116;0.1;399;;;
1279;1;GTO;5;TRAPPIST-1 b Eclipse1;eclipse;TRAPPIST-1;;346.6283799;-5.044526914;15.6451;10.296;2566;TRAPPIST-1 b;1.510826;1.116;0.1;399;;;
1279;1;GTO;6;Repeat Visit 1.1;eclipse;TRAPPIST-1;;346.6282193;-5.044445033;15.6451;10.296;2566;TRAPPIST-1 b;1.510826;1.116;0.1;399;;;
1280;1;GTO;1;WASP-107 b transit LRS;transit;WASP-107;1905;188.3862415;-10.14621147;11.174;8.637;4425;WASP-107 b;5.7214742;10.536;0.94;745;;;
1281;1;GTO;1;HAT-P-12 b MIRI;transit;HAT-P-12;1844;209.388236;43.49321352;12.4197;10.108;4650;HAT-P-12 b;3.2130598;10.749;0.959;957;;;
1281;1;GTO;2;HAT-P-12 b NIRSPEC long;transit;HAT-P-12;1844;209.3882524;43.49321742;12.4197;10.108;4650;HAT-P-12 b;3.2130598;10.749;0.959;957;;;
1281;1;GTO;3;HAT-P_12 b NIRISS;transit;HAT-P-12;1844;209.3882342;43.49321309;12.4197;10.108;4650;HAT-P-12 b;3.2130598;10.749;0.959;957;;;
1312;1;GTO;1;SOSS Transit;transit;HAT-P-26;5632;213.1566351;4.059099705;11.4641;9.581;5079;HAT-P-26 b;4.23452;7.062;0.63;1044;;;
1312;1;GTO;3;G395H Transit;transit;HAT-P-26;5632;213.1566346;4.059101544;11.4641;9.581;5079;HAT-P-26 b;4.23452;7.062;0.63;1044;;;
1312;1;GTO;6;LRS Eclipse;eclipse;HAT-P-26;5632;213.1566346;4.059101314;11.4641;9.581;5079;HAT-P-26 b;4.23452;7.062;0.63;1044;;;
1312;1;GTO;104;G395H Eclipse;eclipse;HAT-P-26;5632;213.1566357;4.059097171;11.4641;9.581;5079;HAT-P-26 b;4.23452;7.062;0.63;1044;;;
1331;1;GTO;1;Prism Transit 1;transit;TRAPPIST-1;;346.628466;-5.04452456;15.6451;10.296;2566;TRAPPIST-1 e;6.101013;0.92;0.082;251;;;
1331;1;GTO;2;Prism Transit 2;transit;TRAPPIST-1;;346.6285527;-5.044569001;15.6451;10.296;2566;TRAPPIST-1 e;6.101013;0.92;0.082;251;;;
1331;1;GTO;3;Prism Transit 3;transit;TRAPPIST-1;;346.6284616;-5.044522337;15.6451;10.296;2566;TRAPPIST-1 e;6.101013;0.92;0.082;251;;;
1331;1;GTO;104;Prism Transit 4;transit;TRAPPIST-1;;346.6284833;-5.044533445;15.6451;10.296;2566;TRAPPIST-1 e;6.101013;0.92;0.082;251;;;
1353;1;GTO;1;SOSS Transit;transit;WASP-17;1050;239.9622281;-28.06181443;11.3803;10.224;6550;WASP-17 b;3.73543;20.961;1.87;1699;;;
1353;1;GTO;2;SOSS Eclipse;eclipse;WASP-17;1050;239.9622278;-28.06181466;11.3803;10.224;6550;WASP-17 b;3.73543;20.961;1.87;1699;;;
1353;1;GTO;3;G395H Transit;transit;WASP-17;1050;239.9622278;-28.06181473;11.3803;10.224;6550;WASP-17 b;3.73543;20.961;1.87;1699;;;
1353;1;GTO;4;G395H Eclipse;eclipse;WASP-17;1050;239.9622278;-28.06181474;11.3803;10.224;6550;WASP-17 b;3.73543;20.961;1.87;1699;;;
1353;1;GTO;5;LRS Transit;transit;WASP-17;1050;239.9622279;-28.06181459;11.3803;10.224;6550;WASP-17 b;3.73543;20.961;1.87;1699;;;
1353;1;GTO;6;LRS Eclipse;eclipse;WASP-17;1050;239.9622279;-28.06181461;11.3803;10.224;6550;WASP-17 b;3.73543;20.961;1.87;1699;;;
1353;1;GTO;101;SOSS Transit Repeat;transit;WASP-17;1050;239.9622278;-28.06181465;11.3803;10.224;6550;WASP-17 b;3.73543;20.961;1.87;1699;;;
1366;1;ERS;21;NIRISS SOSS Eclipse;eclipse;WASP-18;185;24.35453302;-45.67775377;9.16617;8.131;6432;WASP-18 b;0.94145223;13.899;1.24;2505;;;
1366;1;ERS;1;NIRISS SOSS;transit;WASP-39;5675;217.3266104;-3.444499323;11.8867;10.202;5400;WASP-39 b;4.055259;14.235;1.27;1121;;;
1366;1;ERS;2;NIRCam F322W2;transit;WASP-39;5675;217.3266105;-3.444499324;11.8867;10.202;5400;WASP-39 b;4.055259;14.235;1.27;1121;;;
1366;1;ERS;3;NIRSpec G395H;transit;WASP-39;5675;217.3266104;-3.444499322;11.8867;10.202;5400;WASP-39 b;4.055259;14.235;1.27;1121;;;
1366;1;ERS;4;NIRSpec PRISM;transit;WASP-39;5675;217.3266107;-3.444499327;11.8867;10.202;5400;WASP-39 b;4.055259;14.235;1.27;1121;;;
1366;1;ERS;11;MIRI LRS Phase Curve;phase;WASP-43;656;154.9080993;-9.806519956;11.907;9.267;4400;WASP-43 b;0.813475;10.424;0.93;1379;;;
1633;1;GO;1;MIRI MRS A transit;transit;HD 189733;4470;300.1821143;22.70923211;7.41432;5.541;5052;HD 189733 b;2.21857567;12.666;1.13;1193;;;
1633;1;GO;2;MIRI MRS transit B;transit;HD 189733;4470;300.1821142;22.70922494;7.41432;5.541;5052;HD 189733 b;2.21857567;12.666;1.13;1193;;;
1633;1;GO;3;MIRI MRS transit C;transit;HD 189733;4470;300.182115;22.70927856;7.41432;5.541;5052;HD 189733 b;2.21857567;12.666;1.13;1193;;;
1633;1;GO;4;NIRCam F322 transit;transit;HD 189733;4470;300.182115;22.70927729;7.41432;5.541;5052;HD 189733 b;2.21857567;12.666;1.13;1193;;;
1633;1;GO;5;INIRCam F444 transit;transit;HD 189733;4470;300.182115;22.70927813;7.41432;5.541;5052;HD 189733 b;2.21857567;12.666;1.13;1193;;;
1729;1;GO;1;Phase Curve;phase;WASP-121;495;107.6002212;-39.09721761;10.3746;9.374;6776;WASP-121 b;1.27492504;19.649;1.753;2450;;;
1743;1;GO;1;Gl486_visit1;eclipse;GJ 486;1827;191.9792837;9.748409616;10.094;6.362;3340;GJ 486 b;1.467119;1.305;0.116;703;;;
1743;1;GO;2;Gl486_visit2;eclipse;GJ 486;1827;191.9792814;9.748408584;10.094;6.362;3340;GJ 486 b;1.467119;1.305;0.116;703;;;
1803;1;GO;1;PhaseCurve_1;phase;GJ 1214;;258.8325403;4.959212444;13.0089;8.782;3250;GJ 1214 b;1.58040433;2.742;0.245;588;;;
1846;1;GO;1;LHS 3844b eclipse;eclipse;LHS 3844;136;340.4982843;-69.17371648;13.3925;9.145001;3036;LHS 3844 b;0.46292913;1.303;0.116;809;;;
1846;1;GO;3;LHS 3844b eclipse;eclipse;LHS 3844;136;340.4962042;-69.17210833;13.3925;9.145001;3036;LHS 3844 b;0.46292913;1.303;0.116;809;;;
1846;1;GO;102;LHS 3844b eclipse;eclipse;LHS 3844;136;340.4983582;-69.17377356;13.3925;9.145001;3036;LHS 3844 b;0.46292913;1.303;0.116;809;;;
1935;1;GO;1;NIRISS;transit;TOI-421;421;81.85319692;-14.27662454;9.77776;8.071;5325;TOI-421 b;5.19672;2.68;0.239;1012;;;
1935;1;GO;2;NIRSPEC;transit;TOI-421;421;81.85319852;-14.27662673;9.77776;8.071;5325;TOI-421 b;5.19672;2.68;0.239;1012;;;
1952;1;GO;1;NIRCAM F444W Eclipse;eclipse;55 Cnc;1773;133.1457028;28.32933606;5.72973;4.015;5172;55 Cnc e;0.7365474;1.875;0.167;1946;;;
1952;1;GO;2;MIRI LRS Eclipse;eclipse;55 Cnc;1773;133.1456524;28.32931473;5.72973;4.015;5172;55 Cnc e;0.7365474;1.875;0.167;1946;;;
1981;1;GO;21;Visit 1;transit;GJ 1132;667;153.7057652;-47.15405246;12.138;8.322;3270;GJ 1132 b;1.628931;1.13;0.101;584;;;
1981;1;GO;22;Visit 2;transit;GJ 1132;667;153.7057748;-47.15405502;12.138;8.322;3270;GJ 1132 b;1.628931;1.13;0.101;584;;;
1981;1;GO;23;Visit 3;transit;GJ 1132;667;153.7053638;-47.15394513;12.138;8.322;3270;GJ 1132 b;1.628931;1.13;0.101;584;;;
1981;1;GO;11;Visit 1;transit;GJ 486;1827;191.9794048;9.74846325;10.094;6.362;3340;GJ 486 b;1.467119;1.305;0.116;703;;;
1981;1;GO;12;Visit 2;transit;GJ 486;1827;191.9794014;9.748461711;10.094;6.362;3340;GJ 486 b;1.467119;1.305;0.116;703;;;
1981;1;GO;31;Visit 1;transit;GJ-341;;140.3957577;-60.28078059;0;0;0;0;7.5768707;0;0;0;;;
1981;1;GO;32;Visit 2;transit;GJ-341;;140.3957675;-60.28078164;0;0;0;0;7.5768707;0;0;0;;;
1981;1;GO;33;Visit 3;transit;GJ-341;;140.3957089;-60.28077534;0;0;0;0;7.5768707;0;0;0;;;
1981;1;GO;41;Visit 1;transit;LHS 475;910;290.2432083;-82.56223768;11.4174;7.686;3300;LHS 475 b;2.029088;0.991;0.088;;;;
1981;1;GO;43;Visit 3;transit;LHS 475;910;290.2432165;-82.56224147;11.4174;7.686;3300;LHS 475 b;2.029088;0.991;0.088;;;;
1981;1;GO;51;Visit 1;transit;TRAPPIST-1;;346.6285838;-5.044585456;15.6451;10.296;2566;TRAPPIST-1 h;18.772866;0.755;0.067;172;;;
1981;1;GO;52;Visit 2;transit;TRAPPIST-1;;346.6263921;-5.043461111;15.6451;10.296;2566;TRAPPIST-1 h;18.772866;0.755;0.067;172;;;
1981;1;GO;53;Visit 3;transit;TRAPPIST-1;;346.6284771;-5.044530728;15.6451;10.296;2566;TRAPPIST-1 h;18.772866;0.755;0.067;172;;;
2001;1;GO;1;;transit;HD 189733;4470;300.1821149;22.70927391;7.41432;5.541;5052;HD 189733 b;2.21857567;12.666;1.13;1193;;;
2008;1;GO;1;HD 80606b phase curve;transit;HD 80606;;140.65695;50.60377778;8.82008;7.316;5561;HD 80606 b;111.4367;11.994;1.07;405;;;
2021;1;GO;1;Eclipse;eclipse;HD 189733;4470;300.1821149;22.70927243;7.41432;5.541;5052;HD 189733 b;2.21857567;12.666;1.13;1193;;;
2021;1;GO;2;Eclipse;eclipse;HD 189733;4470;300.1821148;22.70926779;7.41432;5.541;5052;HD 189733 b;2.21857567;12.666;1.13;1193;;;
2021;1;GO;11;Eclipse;eclipse;HD 189733;4470;300.1821142;22.70921923;7.41432;5.541;5052;HD 189733 b;2.21857567;12.666;1.13;1193;;;
2055;1;GO;1;Transit;transit;WASP-178;1337;227.2703584;-42.70495373;9.91226;9.703;9360;WASP-178 b;3.3448285;20.288;1.81;2469;;;
2062;1;GO;3;WASP-166b NIRSpec BOTS;transit;WASP-166;576;144.8749646;-20.98239352;9.257;8.032;6050;WASP-166 b;5.44354;7.062;0.63;1273;;;
2062;1;GO;4;WASP-166b NIRISS SOSS - Repeat of observation 1;transit;WASP-166;576;144.8749653;-20.98239365;9.257;8.032;6050;WASP-166 b;5.44354;7.062;0.63;1273;;;
2084;1;GO;1;Even occultation;eclipse;55 Cnc;1773;133.1457057;28.32933756;5.72973;4.015;5172;55 Cnc e;0.7365474;1.875;0.167;1946;;;
2084;1;GO;2;Odd occultation;transit;55 Cnc;1773;133.1457047;28.32933717;5.72973;4.015;5172;55 Cnc e;0.7365474;1.875;0.167;1946;;;
2084;1;GO;3;Even occultation;eclipse;55 Cnc;1773;133.1457038;28.32933678;5.72973;4.015;5172;55 Cnc e;0.7365474;1.875;0.167;1946;;;
2084;1;GO;5;Repeat Obs 4 - Odd occultation;transit;55 Cnc;1773;133.1456398;28.32930969;5.72973;4.015;5172;55 Cnc e;0.7365474;1.875;0.167;1946;;;
2113;1;GO;5;WASP-63 transit;transit;WASP-63;483;94.33630545;-38.32344481;10.9185;9.393;5550;WASP-63 b;4.37808;15.805;1.41;1523;;;
2149;1;GO;2;V1298 Tau b;transit;V1298 Tau;;61.33166595;20.15699654;10.0702;8.094;5050;V1298 Tau b;24.1396;10.27;0.916;686;;;
2158;1;GO;1;NGTS-10;eclipse;NGTS-10;;91.87225497;-25.59488697;14.2604;11.728;4600;NGTS-10 b;0.7668944;13.507;1.205;1552;;;
2159;1;GO;1;K2-141 phase curve;phase;K2-141;;350.9173052;-1.189127967;10.7217;8.401;4570;K2-141 b;0.2803244;1.51;0.135;2103;;;
2304;1;GO;1;;eclipse;TRAPPIST-1;;346.6282926;-5.044436089;15.6451;10.296;2566;TRAPPIST-1 c;2.421937;1.097;0.098;341;;;
2304;1;GO;2;;eclipse;TRAPPIST-1;;346.6283167;-5.04444845;15.6451;10.296;2566;TRAPPIST-1 c;2.421937;1.097;0.098;341;;;
2304;1;GO;3;;eclipse;TRAPPIST-1;;346.6282943;-5.04443697;15.6451;10.296;2566;TRAPPIST-1 c;2.421937;1.097;0.098;341;;;
2304;1;GO;4;;eclipse;TRAPPIST-1;;346.6282995;-5.044439619;15.6451;10.296;2566;TRAPPIST-1 c;2.421937;1.097;0.098;341;;;
2319;1;GO;1;TOI-178d;transit;TOI-178;178;7.302402934;-30.45431292;11.1523;8.656;4316;TOI-178 d;6.5577;2.572;0.229;690;;;
2319;1;GO;3;TOI-178b;transit;TOI-178;178;7.302399714;-30.45431131;11.1523;8.656;4316;TOI-178 b;1.914558;1.152;0.103;1039;;;
2319;1;GO;102;TOI-178g;transit;TOI-178;178;7.302415663;-30.45431931;11.1523;8.656;4316;TOI-178 g;20.7095;2.87;0.256;470;;;
2334;1;GO;1;;transit;LHS 1140;256;11.24937074;-15.27544696;12.6706;8.821;2988;LHS 1140 b;24.73694;1.635;0.146;213;;;
2334;1;GO;2;;transit;LHS 1140;256;11.24936455;-15.27543574;12.6706;8.821;2988;LHS 1140 b;24.73694;1.635;0.146;213;;;
2347;1;GO;1;K2-141b (ph1);phase;K2-141;;350.9173023;-1.189127448;10.7217;8.401;4570;K2-141 b;0.2803244;1.51;0.135;2103;;;
2358;1;GO;30;Clone of Obs 3;transit;WD 1856+534;1690;284.4165544;53.50890998;16.958;15.548;4710;WD 1856+534 b;1.4079405;10.4;0.928;159;;;
2372;1;GO;1;K2-18 b G235H;transit;K2-18;5555;172.5599483;7.587514455;12.4154;8.899;3457;K2-18 b;32.939623;2.37;0.211;282;;;
2372;1;GO;2;K2-18 b G235H;transit;K2-18;5555;172.5601408;7.587830556;12.4154;8.899;3457;K2-18 b;32.939623;2.37;0.211;282;;;
2372;1;GO;4;K2-18 b G395H;transit;K2-18;5555;172.5601408;7.587830556;12.4154;8.899;3457;K2-18 b;32.939623;2.37;0.211;282;;;
2372;1;GO;5;K2-18 b G395H;transit;K2-18;5555;172.5601408;7.587830556;12.4154;8.899;3457;K2-18 b;32.939623;2.37;0.211;282;;;
2372;1;GO;6;K2-18 b G395H;transit;K2-18;5555;172.5601408;7.587830556;12.4154;8.899;3457;K2-18 b;32.939623;2.37;0.211;282;;;
2372;1;GO;7;K2-18 b G395H - Repeat of observation 3;transit;K2-18;5555;172.5601408;7.587830556;12.4154;8.899;3457;K2-18 b;32.939623;2.37;0.211;282;;;
2420;1;GO;1;Transit 1;transit;TRAPPIST-1;;346.628216;-5.044396806;15.6451;10.296;2566;TRAPPIST-1 c;2.421937;1.097;0.098;341;;;
2420;1;GO;3;Transit 3;transit;TRAPPIST-1;;346.6285534;-5.044569857;15.6451;10.296;2566;TRAPPIST-1 c;2.421937;1.097;0.098;341;;;
2420;1;GO;4;Transit 4;transit;TRAPPIST-1;;346.6285602;-5.044573389;15.6451;10.296;2566;TRAPPIST-1 c;2.421937;1.097;0.098;341;;;
2420;1;GO;5;Transit 2-WOPR COPY;transit;TRAPPIST-1;;346.6263921;-5.043461111;15.6451;10.296;2566;TRAPPIST-1 c;2.421937;1.097;0.098;341;;;
2437;1;GO;1;WASP-127b - G379H;transit;WASP-127;675;160.5588896;-3.834889568;10.054;8.641;5620;WASP-127 b;4.17806203;14.695;1.311;1421;;;
2454;1;GO;1;;transit;Kepler-51;;296.4797625;49.93763362;14.6777;13.197;6018;Kepler-51 b;45.154;7.1;0.633;561;;;
2488;1;GO;1;HD80606b;transit;HD 80606;;140.6571296;50.60379885;8.82008;7.316;5561;HD 80606 b;111.4367;11.994;1.07;405;;;
2498;1;GO;1;HIP67522b_transit;transit;HIP 67522;6551;207.5259197;-40.83594492;9.63261;8.164;5675;HIP 67522 b;6.959503;10.07;0.898;;;;
2507;1;GO;1;WD;transit;WD 1856+534;1690;284.4165699;53.50890891;16.958;15.548;4710;WD 1856+534 b;1.4079405;10.4;0.928;159;;;
2508;1;GO;1;Science;phase;GJ 367;731;146.120056;-45.78025407;9.15159;5.78;3522;GJ 367 b;0.3219225;0.699;0.062;1368;;;
2512;1;GO;7;TOI-562.01 (T1);transit;GJ 357;562;144.0078138;-21.66738119;9.88036;6.475;3505;GJ 357 b;3.9306;1.2;0.107;519;;;
2512;1;GO;17;TOI-402.01 (T1);transit;HD 15337;402;36.86769907;-27.63658927;8.85598;7.044;5125;HD 15337 b;4.75615;1.64;0.146;1003;;;
2512;1;GO;18;TOI-402.02 (T1);transit;HD 15337;402;36.86769861;-27.63659043;8.85598;7.044;5125;HD 15337 c;17.1784;2.39;0.213;644;;;
2512;1;GO;19;TOI-402.02 (T2);transit;HD 15337;402;36.86769645;-27.63659595;8.85598;7.044;5125;HD 15337 c;17.1784;2.39;0.213;644;;;
2512;1;GO;11;TOI-134.01 (T1);transit;L 168-9;134;350.0271734;-60.06601319;10.2316;7.082;3794;L 168-9 b;1.4015;1.39;0.124;980;;;
2512;1;GO;12;TOI-134.01 (T2);transit;L 168-9;134;350.0271693;-60.06601401;10.2316;7.082;3794;L 168-9 b;1.4015;1.39;0.124;980;;;
2512;1;GO;13;TOI-134.01 (T3);transit;L 168-9;134;350.0271809;-60.06601169;10.2316;7.082;3794;L 168-9 b;1.4015;1.39;0.124;980;;;
2512;1;GO;15;TOI-175.01 (T1);transit;L 98-59;175;124.5334326;-68.3152252;10.5976;7.101;3412;L 98-59 c;3.6906745;1.34;0.12;515;;;
2512;1;GO;16;TOI-175.01 (T2);transit;L 98-59;175;124.5334319;-68.31522425;10.5976;7.101;3412;L 98-59 c;3.6906745;1.34;0.12;515;;;
2512;1;GO;21;TOI-455.01 (T1);transit;LTT 1445 A;455;45.46247792;-16.59449444;10.0469;6.496;3340;LTT 1445 A b;5.35876;1.18;0.105;564;;;
2512;1;GO;1;TOI 260.01 (T1);transit;TOI-260;;4.77293147;-9.966851362;0;0;0;0;13.4759;0;0;0;;;
2512;1;GO;2;TOI 260.01 (T2);transit;TOI-260;;4.772931089;-9.966854452;0;0;0;0;13.4759;0;0;0;;;
2512;1;GO;3;TOI-776.01 (T1);transit;TOI-776;776;178.5786886;-37.55367223;10.7409;7.615;3709;TOI-776 c;15.6653;2.02;0.18;416;;;
2512;1;GO;4;TOI-776.01 (T2);transit;TOI-776;776;178.5786923;-37.55367395;10.7409;7.615;3709;TOI-776 c;15.6653;2.02;0.18;416;;;
2512;1;GO;5;TOI-776.02 (T1);transit;TOI-776;776;178.5786955;-37.5536754;10.7409;7.615;3709;TOI-776 b;8.24661;1.85;0.165;515;;;
2512;1;GO;6;TOI-776.02 (T2);transit;TOI-776;776;178.5786915;-37.55367358;10.7409;7.615;3709;TOI-776 b;8.24661;1.85;0.165;515;;;
2512;1;GO;8;TOI-836.01 (T1);transit;TOI-836;836;225.0794139;-24.45425452;9.40475;6.804;4552;TOI-836 c;8.59545;2.587;0.231;656;;;
2512;1;GO;9;TOI-836.02 (T1);transit;TOI-836;836;225.0794112;-24.45425485;9.40475;6.804;4552;TOI-836 b;3.81673;1.704;0.152;875;;;
2512;1;GO;10;TOI-836.02 (T2);transit;TOI-836;836;225.0794106;-24.45425493;9.40475;6.804;4552;TOI-836 b;3.81673;1.704;0.152;875;;;
2571;1;GO;1;Kepler-51d;transit;Kepler-51;;296.4797625;49.93763346;14.6777;13.197;6018;Kepler-51 d;130.194;9.7;0.865;394;;;
2589;1;GO;1;TRAPPIST-1b;eclipse;TRAPPIST-1;;346.6282208;-5.044399273;15.6451;10.296;2566;TRAPPIST-1 b;1.510826;1.116;0.1;399;;;
2589;1;GO;2;TRAPPIST-1b;eclipse;TRAPPIST-1;;346.6282219;-5.044399824;15.6451;10.296;2566;TRAPPIST-1 b;1.510826;1.116;0.1;399;;;
2589;1;GO;3;TRAPPIST-1c;eclipse;TRAPPIST-1;;346.6282935;-5.044436532;15.6451;10.296;2566;TRAPPIST-1 c;2.421937;1.097;0.098;341;;;
2589;1;GO;4;TRAPPIST-1c;eclipse;TRAPPIST-1;;346.6285551;-5.044570741;15.6451;10.296;2566;TRAPPIST-1 c;2.421937;1.097;0.098;341;;;
2589;1;GO;6;TRAPPIST-1g;transit;TRAPPIST-1;;346.6282199;-5.044398772;15.6451;10.296;2566;TRAPPIST-1 g;12.352446;1.129;0.101;198;;;
2589;1;GO;7;TRAPPIST-1g;transit;TRAPPIST-1;;346.6283252;-5.044452811;15.6451;10.296;2566;TRAPPIST-1 g;12.352446;1.129;0.101;198;;;
2594;1;GO;1;G395M Transit;transit;HATS-72;294;339.0255759;-17.00050185;12.0725;9.764;4656.1;HATS-72 b;7.3279474;8.097;0.722;739;;;
2667;1;GO;51;HD209_MIRI_transit;transit;HD 209458;5972;330.7950918;18.88420174;7.50866;6.308;6091;HD 209458 b;3.52474859;15.581;1.39;1477;;;
2708;1;GO;1;Visit 1;eclipse;LTT 1445 A;455;45.46170298;-16.59502866;10.0469;6.496;3340;LTT 1445 A b;5.35876;1.18;0.105;564;;;
2708;1;GO;2;Visit 1;eclipse;LTT 1445 A;455;45.46166836;-16.59505268;10.0469;6.496;3340;LTT 1445 A b;5.35876;1.18;0.105;564;;;
2708;1;GO;3;Visit 1;eclipse;LTT 1445 A;455;45.46160228;-16.59509854;10.0469;6.496;3340;LTT 1445 A b;5.35876;1.18;0.105;564;;;
2722;1;GO;1;G395H;transit;K2-18;5555;172.5599705;7.587553222;12.4154;8.899;3457;K2-18 b;32.939623;2.37;0.211;282;;;
2722;1;GO;2;MIRI;transit;K2-18;5555;172.5601296;7.587813889;12.4154;8.899;3457;K2-18 b;32.939623;2.37;0.211;282;;;
2722;1;GO;3;NIRISS;transit;K2-18;5555;172.5599623;7.587539893;12.4154;8.899;3457;K2-18 b;32.939623;2.37;0.211;282;;;
2759;2;GTO;1;transit;transit;TOI-270;270;68.41608042;-51.95739444;11.6306;8.251;3506;TOI-270 d;11.379573;2.133;0.19;388;;;
2783;2;DD;1;Transit observation;transit;WASP-39;5675;217.3266075;-3.444499075;11.8867;10.202;5400;WASP-39 b;4.055259;14.235;1.27;1121;;;
2950;2;GO;1;HAT-P-1b transit LRS;transit;HAT-P-1;1388;344.4453633;38.67491944;10.1786;8.858;5980;HAT-P-1 b;4.46529976;14.785;1.319;1323;;;
2950;2;GO;3;HAT-P-11b transit LRS;transit;HAT-P-11;1144;297.7101763;48.08186389;9.15098;7.009;4780;HAT-P-11 b;4.88780244;4.36;0.389;829;;;
2950;2;GO;2;HD106315c transit LRS;transit;HD 106315;;183.4724742;-0.3934361111;8.88841;7.853;6327;HD 106315 c;21.05704;4.35;0.388;888;;;
2961;2;GO;1;MIRI-LRS_WASP121b;eclipse;WASP-121;495;107.6002313;-39.09726944;10.3746;9.374;6776;WASP-121 b;1.27492504;19.649;1.753;2450;;;
3077;2;GO;1;phasecurve_b+c;phase;TRAPPIST-1;;346.6285708;-5.044579606;15.6451;10.296;2566;TRAPPIST-1 b;1.510826;1.116;0.1;399;;;
3077;2;GO;2;phasecurve_b+c;partial phase;TRAPPIST-1;;346.6285717;-5.044580055;15.6451;10.296;2566;TRAPPIST-1 b;1.510826;1.116;0.1;399;;;
3171;2;GO;6;HATS-6;transit;HATS-6;468;88.14680144;-19.03160911;14.3601;11.224;3724;HATS-6 b;3.3252725;11.187;0.998;712;;;
3171;2;GO;7;HATS-6;transit;HATS-6;468;88.14680143;-19.03160908;14.3601;11.224;3724;HATS-6 b;3.3252725;11.187;0.998;712;;;
3171;2;GO;9;HATS-75;transit;HATS-75;552;60.94933042;-25.40891389;14.9033;11.584;3790.4;HATS-75 b;2.7886556;9.909;0.884;769;;;
3171;2;GO;10;HATS-75;transit;HATS-75;552;60.94933042;-25.40891389;14.9033;11.584;3790.4;HATS-75 b;2.7886556;9.909;0.884;769;;;
3171;2;GO;19;HATS-75;transit;HATS-75;552;60.94933042;-25.40891389;14.9033;11.584;3790.4;HATS-75 b;2.7886556;9.909;0.884;769;;;
3171;2;GO;13;TOI-3714;transit;TOI-3714;3714;69.55240319;39.45783336;14.3107;10.852;3660;TOI-3714 b;2.154849;11.321;1.01;767;;;
3171;2;GO;14;TOI-3714;transit;TOI-3714;3714;69.55223083;39.45830833;14.3107;10.852;3660;TOI-3714 b;2.154849;11.321;1.01;767;;;
3171;2;GO;15;TOI-3714;transit;TOI-3714;3714;69.55223083;39.45830833;14.3107;10.852;3660;TOI-3714 b;2.154849;11.321;1.01;767;;;
3171;2;GO;4;TOI-3757;transit;TOI-3757;3757;91.00371;55.02016389;14.1321;11.152;3913;TOI-3757 b;3.438753;12;1.071;758;;;
3171;2;GO;5;TOI-3757;transit;TOI-3757;3757;91.00371;55.02016389;14.1321;11.152;3913;TOI-3757 b;3.438753;12;1.071;758;;;
3171;2;GO;1;TOI-3984;transit;TOI-3984 A;3984;226.33741;36.78679167;14.6718;11.052;3476;TOI-3984 A b;4.353326;7.9;0.71;568;;;
3171;2;GO;2;TOI-3984;transit;TOI-3984 A;3984;226.33741;36.78679167;14.6718;11.052;3476;TOI-3984 A b;4.353326;7.9;0.71;568;;;
3171;2;GO;3;TOI-3984;transit;TOI-3984 A;3984;226.33741;36.78679167;14.6718;11.052;3476;TOI-3984 A b;4.353326;7.9;0.71;568;;;
3171;2;GO;16;TOI-5205;transit;TOI-5205;5205;313.7707871;24.36109666;14.9317;11.006;3430;TOI-5205 b;1.630757;11.6;1.03;732;;;
3171;2;GO;17;TOI-5205;transit;TOI-5205;5205;313.7707872;24.36109673;14.9317;11.006;3430;TOI-5205 b;1.630757;11.6;1.03;732;;;
3171;2;GO;18;TOI-5205;transit;TOI-5205;5205;313.7707872;24.36109679;14.9317;11.006;3430;TOI-5205 b;1.630757;11.6;1.03;732;;;
3171;2;GO;11;TOI-5293;transit;TOI-5293 A;5293;355.8286796;-2.045094444;14.9816;11.639;3586;TOI-5293 A b;2.930289;11.9;1.06;676;;;
3171;2;GO;12;TOI-5293;transit;TOI-5293 A;5293;355.8286796;-2.045094444;14.9816;11.639;3586;TOI-5293 A b;2.930289;11.9;1.06;676;;;
3231;2;GO;1;Phase Curve;partial phase;LTT 9779;193;358.6688767;-37.628225;9.60006;8.016;5443;LTT 9779 b;0.792052;4.72;0.421;1974;;;
3235;2;GO;1;PH2b;transit;PH2;;289.7636213;51.96268333;12.5811;11.116;5629;PH2 b;282.5255;10.12;0.903;298;;;
3263;2;GO;1;Phase curve;phase;TOI-1685;1685;68.59407668;43.03683033;12.2956;8.758;3434;TOI-1685 b;0.6691406;1.7;0.152;1078;;;
3279;2;GO;1;Transit;transit;WASP-189;;225.6867321;-3.031486111;6.55369;6.06;8000;WASP-189 b;2.724033;18.147;1.619;2636;;;
3315;2;GO;1;Transit 1;transit;K2-22;;169.4827046;2.619036111;14.9537;11.924;3879;K2-22 b;0.381073;2.3;0.205;1502;;;
3315;2;GO;2;Transit 2;transit;K2-22;;169.4827046;2.619036111;14.9537;11.924;3879;K2-22 b;0.381073;2.3;0.205;1502;;;
3315;2;GO;3;Phase Curve;partial phase;K2-22;;169.4827046;2.619036111;14.9537;11.924;3879;K2-22 b;0.381073;2.3;0.205;1502;;;
3385;2;GO;1;TOI-1130c;transit;TOI-1130;1130;286.3760038;-41.43763889;10.9028;8.351;4350;TOI-1130 c;8.350231;13.32;1.188;654;;;
3385;2;GO;2;TOI-1130b;transit;TOI-1130;1130;286.3760038;-41.43763889;10.9028;8.351;4350;TOI-1130 b;4.07445;3.56;0.318;831;;;
3385;2;GO;3;TOI-1130 c;transit;TOI-1130;1130;286.3760038;-41.43763889;10.9028;8.351;4350;TOI-1130 c;8.350231;13.32;1.188;654;;;
3385;2;GO;4;TOI 1130 b;transit;TOI-1130;1130;286.3760038;-41.43763889;10.9028;8.351;4350;TOI-1130 b;4.07445;3.56;0.318;831;;;
3557;2;GO;4;NIRISS;transit;LTT 3780;732;154.644855;-11.71783611;11.8465;8.204001;3360;LTT 3780 c;12.252196;2.33;0.208;361;;;
3557;2;GO;5;G395H;transit;LTT 3780;732;154.644855;-11.71783611;11.8465;8.204001;3360;LTT 3780 c;12.252196;2.33;0.208;361;;;
3557;2;GO;6;MIRI;transit;LTT 3780;732;154.644855;-11.71783611;11.8465;8.204001;3360;LTT 3780 c;12.252196;2.33;0.208;361;;;
3557;2;GO;1;NIRISS;transit;TOI-1231;1231;156.7472396;-52.46782222;11.36;8.069;3553;TOI-1231 b;24.245586;3.65;0.326;331;;;
3557;2;GO;2;G395H;transit;TOI-1231;1231;156.7472396;-52.46782222;11.36;8.069;3553;TOI-1231 b;24.245586;3.65;0.326;331;;;
3557;2;GO;3;MIRI;transit;TOI-1231;1231;156.7472396;-52.46782222;11.36;8.069;3553;TOI-1231 b;24.245586;3.65;0.326;331;;;
3557;2;GO;7;NIRISS;transit;TOI-1468;1468;16.65386625;19.22488889;12.1172;8.497;3496;TOI-1468 c;15.532482;2.064;0.184;;;;
3557;2;GO;8;G395H;transit;TOI-1468;1468;16.65386625;19.22488889;12.1172;8.497;3496;TOI-1468 c;15.532482;2.064;0.184;;;;
3557;2;GO;9;MIRI;transit;TOI-1468;1468;16.65386625;19.22488889;12.1172;8.497;3496;TOI-1468 c;15.532482;2.064;0.184;;;;
3557;2;GO;12;MIRI;transit;TOI-270;270;68.41609917;-51.95743056;11.6306;8.251;3506;TOI-270 d;11.379573;2.133;0.19;388;;;
3615;2;GO;1;WASP-47e - G395H;eclipse;WASP-47;4539;331.2030942;-12.01907222;11.7889;10.192;5552;WASP-47 e;0.7895933;1.808;0.161;2210;;;
3615;2;GO;2;WASP-47e - G395H;eclipse;WASP-47;4539;331.2030942;-12.01907222;11.7889;10.192;5552;WASP-47 e;0.7895933;1.808;0.161;2210;;;
3712;2;GO;1;NIRSpec/G395H WASP-69b;transit;WASP-69;5823;315.0259663;-5.094858333;9.48466;7.459;4700;WASP-69 b;3.86814;12.442;1.11;988;;;
3712;2;GO;2;NIRSpec/G395H WASP-69b;transit;WASP-69;5823;315.0259663;-5.094858333;9.48466;7.459;4700;WASP-69 b;3.86814;12.442;1.11;988;;;
3730;2;GO;1;GJ-3473_1;eclipse;GJ 3473;488;120.5935504;3.337111111;12.465;8.829001;3347;GJ 3473 b;1.1980035;1.264;0.113;768;;;
3730;2;GO;2;GJ-3473_2;eclipse;GJ 3473;488;120.5935504;3.337111111;12.465;8.829001;3347;GJ 3473 b;1.1980035;1.264;0.113;768;;;
3730;2;GO;3;GJ-3473_3;eclipse;GJ 3473;488;120.5935504;3.337111111;12.465;8.829001;3347;GJ 3473 b;1.1980035;1.264;0.113;768;;;
3730;2;GO;4;GJ-3473_4;eclipse;GJ 3473;488;120.5935504;3.337111111;12.465;8.829001;3347;GJ 3473 b;1.1980035;1.264;0.113;768;;;
3730;2;GO;5;GJ-357_1;eclipse;GJ 357;562;144.007485;-21.6652;9.88036;6.475;3505;GJ 357 b;3.9306;1.2;0.107;519;;;
3730;2;GO;6;HD-260655_1;eclipse;HD 260655;4599;99.29143167;17.56631667;8.876041;5.862;3803;HD 260655 b;2.76953;1.24;0.111;710;;;
3730;2;GO;7;HD-260655_2;eclipse;HD 260655;4599;99.29143167;17.56631667;8.876041;5.862;3803;HD 260655 b;2.76953;1.24;0.111;710;;;
3730;2;GO;8;L-98-59_1;eclipse;L 98-59;175;124.5334728;-68.3152782;10.5976;7.101;3412;L 98-59 c;3.6906745;1.34;0.12;515;;;
3730;2;GO;9;LHS-1140_1;eclipse;LHS 1140;256;11.24867792;-15.27419167;12.6706;8.821;2988;LHS 1140 c;3.77792;1.169;0.104;399;;;
3730;2;GO;10;LHS-1140_2;eclipse;LHS 1140;256;11.24940225;-15.275502;12.6706;8.821;2988;LHS 1140 c;3.77792;1.169;0.104;399;;;
3730;2;GO;11;LHS-1140_3;eclipse;LHS 1140;256;11.24867792;-15.27419167;12.6706;8.821;2988;LHS 1140 c;3.77792;1.169;0.104;399;;;
3730;2;GO;12;LHS-1478_1;eclipse;LHS 1478;1640;44.34593193;76.55045548;12.2598;8.767;3381;LHS 1478 b;1.9495378;1.242;0.111;600;;;
3730;2;GO;13;LHS-1478_2;eclipse;LHS 1478;1640;44.34579098;76.55047445;12.2598;8.767;3381;LHS 1478 b;1.9495378;1.242;0.111;600;;;
3730;2;GO;14;LTT-3780_1;eclipse;LTT 3780;732;154.644855;-11.71783611;11.8465;8.204001;3360;LTT 3780 b;0.76837883;1.32;0.118;908;;;
3730;2;GO;15;LTT-3780_2;eclipse;LTT 3780;732;154.644855;-11.71783611;11.8465;8.204001;3360;LTT 3780 b;0.76837883;1.32;0.118;908;;;
3730;2;GO;16;TOI-1468_1;eclipse;TOI-1468;1468;16.65376833;19.22439922;12.1172;8.497;3496;TOI-1468 b;1.8805136;1.28;0.114;;;;
3730;2;GO;17;TOI-1468_2;eclipse;TOI-1468;1468;16.65376827;19.2243989;12.1172;8.497;3496;TOI-1468 b;1.8805136;1.28;0.114;;;;
3730;2;GO;18;TOI-1468_3;eclipse;TOI-1468;1468;16.65376667;19.22439093;12.1172;8.497;3496;TOI-1468 b;1.8805136;1.28;0.114;;;;
3730;2;GO;19;L-231-32_1;eclipse;TOI-270;270;68.41640362;-51.95803983;11.6306;8.251;3506;TOI-270 b;3.3601538;1.206;0.108;583;;;
3730;2;GO;20;L-231-32_2;eclipse;TOI-270;270;68.41640293;-51.95803845;11.6306;8.251;3506;TOI-270 b;3.3601538;1.206;0.108;583;;;
3730;2;GO;21;L-231-32_3;eclipse;TOI-270;270;68.41640258;-51.95803776;11.6306;8.251;3506;TOI-270 b;3.3601538;1.206;0.108;583;;;
3730;2;GO;22;L-231-32_4;eclipse;TOI-270;270;68.41640189;-51.95803638;11.6306;8.251;3506;TOI-270 b;3.3601538;1.206;0.108;583;;;
3731;2;GO;1;;transit;TOI-3235;3235;207.4738488;-46.06651389;14.4858;10.819;3388.8;TOI-3235 b;2.59261842;11.4;1.017;604;;;
3784;2;GO;1;;phase;TOI-2445;2445;43.31629169;0.05227882453;14.3977;10.779;3333;TOI-2445 b;0.3711281;1.25;0.112;1044;;;
3838;2;GO;5;HAT-P-30 transit;transit;HAT-P-30;490;123.9498429;5.836866667;10.2998;9.151;6304;HAT-P-30 b;2.8106;16.141;1.44;1700;;;
3838;2;GO;2;KELT-7 transit;transit;KELT-7;1682;78.29561963;33.31784048;8.45173;7.543;6768;KELT-7 b;2.73477;17.934;1.6;2090;;;
3838;2;GO;3;NGTS-2 transit;transit;NGTS-2;1934;215.1227617;-31.20206944;10.8605;9.799;6478;NGTS-2 b;4.511164;17.878;1.595;1623;;;
3838;2;GO;1;TRES-4 transit;transit;TrES-4;2124;268.3043363;37.21173889;11.4731;10.33;6200;TrES-4 b;3.55395;18.046;1.61;1708;;;
3838;2;GO;4;WASP-15 transit;transit;WASP-15;820;208.9280344;-32.15976117;10.797;9.693;6300;WASP-15 b;3.7521;15.805;1.41;1626;;;
3860;2;GO;1;toi561_phasecurve1;phase;TOI-561;561;148.1851517;6.216102778;10.0128;8.394;5372;TOI-561 b;0.4465688;1.425;0.127;2306;;;
3942;2;GO;1;;transit;L 98-59;175;124.5334718;-68.31527721;10.5976;7.101;3415;L 98-59 b;2.2531136;0.85;0.076;609;;;
3942;2;GO;2;;transit;L 98-59;175;124.5334727;-68.31527837;10.5976;7.101;3415;L 98-59 b;2.2531136;0.85;0.076;609;;;
3942;2;GO;3;;transit;L 98-59;175;124.5334732;-68.31527896;10.5976;7.101;3415;L 98-59 b;2.2531136;0.85;0.076;609;;;
3942;2;GO;4;;transit;L 98-59;175;124.5334758;-68.31528245;10.5976;7.101;3415;L 98-59 b;2.2531136;0.85;0.076;609;;;
3969;2;GO;4;Prism transit 1;transit;HAT-P-65;5818;315.9054896;11.98936667;12.9952;11.528;5872;HAT-P-65 b;2.60544751;18.058;1.611;1820;;;
3969;2;GO;6;Prism transit 2;transit;HAT-P-65;5818;315.9054896;11.98936667;12.9952;11.528;5872;HAT-P-65 b;2.60544751;18.058;1.611;1820;;;
3969;2;GO;1;Prism transit 1;transit;Kepler-12;2175;286.2434458;50.04036667;13.3596;12.066;5947;Kepler-12 b;4.4379629;19.661;1.754;1484;;;
3969;2;GO;5;Prism transit 2;transit;Kepler-12;2175;286.2434458;50.04036667;13.3596;12.066;5947;Kepler-12 b;4.4379629;19.661;1.754;1484;;;
3969;2;GO;3;G395H transit;transit;WASP-52;;348.4947768;8.760975798;11.9537;10.086;5000;WASP-52 b;1.7497798;14.24;1.27;1299;;;
4008;2;GO;1;LHS3844b - G395H;phase;LHS 3844;136;340.4963346;-69.17220833;13.3925;9.145001;3036;LHS 3844 b;0.46292913;1.303;0.116;809;;;
4082;2;GO;1;Transit;transit;WASP-96;247;1.046569583;-47.36063611;12.3833;10.914;5540;WASP-96 b;3.4252602;13.45;1.2;1286;;;
4098;2;GO;12;SOSS;transit;GJ 3090;177;20.43804853;-46.71490945;10.5521;7.294;3556;GJ 3090 b;2.8531054;2.13;0.19;695;;;
4098;2;GO;13;G395H;transit;GJ 3090;177;20.43806399;-46.71490181;10.5521;7.294;3556;GJ 3090 b;2.8531054;2.13;0.19;695;;;
4098;2;GO;14;G395H;transit;GJ 3090;177;20.43805767;-46.71490494;10.5521;7.294;3556;GJ 3090 b;2.8531054;2.13;0.19;695;;;
4098;2;GO;111;SOSS;transit;GJ 3090;177;20.43840542;-46.71473333;10.5521;7.294;3556;GJ 3090 b;2.8531054;2.13;0.19;695;;;
4098;2;GO;7;SOSS;transit;GJ 9827;4517;351.7726493;-1.284842645;9.83773;7.193;4305;GJ 9827 d;6.20147;2.022;0.18;680;;;
4098;2;GO;8;SOSS;transit;GJ 9827;4517;351.7726511;-1.284841634;9.83773;7.193;4305;GJ 9827 d;6.20147;2.022;0.18;680;;;
4098;2;GO;9;G395H;transit;GJ 9827;4517;351.7718283;-1.285313889;9.83773;7.193;4305;GJ 9827 d;6.20147;2.022;0.18;680;;;
4098;2;GO;10;G395H;transit;GJ 9827;4517;351.7718283;-1.285313889;9.83773;7.193;4305;GJ 9827 d;6.20147;2.022;0.18;680;;;
4098;2;GO;1;SOSS;transit;L 98-59;175;124.5334657;-68.31377438;10.5976;7.101;3412;L 98-59 d;7.450729;1.58;0.141;407;;;
4098;2;GO;2;G395H;transit;L 98-59;175;124.5328963;-68.31451389;10.5976;7.101;3412;L 98-59 d;7.450729;1.58;0.141;407;;;
4098;2;GO;3;SOSS;transit;TOI-1685;1685;68.59396;43.03702778;12.2956;8.758;3434;TOI-1685 b;0.6691406;1.7;0.152;1078;;;
4098;2;GO;4;SOSS;transit;TOI-1685;1685;68.59396;43.03702778;12.2956;8.758;3434;TOI-1685 b;0.6691406;1.7;0.152;1078;;;
4098;2;GO;15;SOSS;transit;TOI-270;270;68.4164025;-51.9580376;11.6306;8.251;3506;TOI-270 d;11.379573;2.133;0.19;388;;;
4098;2;GO;16;G395H;transit;TOI-270;270;68.41609917;-51.95743056;11.6306;8.251;3506;TOI-270 d;11.379573;2.133;0.19;388;;;
4098;2;GO;17;G395H;transit;TOI-270;270;68.41638967;-51.95801191;11.6306;8.251;3506;TOI-270 d;11.379573;2.133;0.19;388;;;
4102;2;GO;1;TOI-824b-G395H-eclipse1;eclipse;TOI-824;824;222.1654571;-57.58888889;10.7616;8.432;4600;TOI-824 b;1.392978;2.926;0.261;1258;;;
4102;2;GO;2;TOI-824b-G395H-eclipse1;eclipse;TOI-824;824;222.1654571;-57.58888889;10.7616;8.432;4600;TOI-824 b;1.392978;2.926;0.261;1258;;;
4105;2;GO;1;;transit;HAT-P-11;1144;297.7101763;48.08186389;9.15098;7.009;4780;HAT-P-11 b;4.88780244;4.36;0.389;829;;;
4105;2;GO;2;;transit;HAT-P-11;1144;297.7101763;48.08186389;9.15098;7.009;4780;HAT-P-11 b;4.88780244;4.36;0.389;829;;;
4126;2;GO;1;TOI-125 b transit;transit;TOI-125;125;23.59342542;-66.67635;10.718;8.995;5320;TOI-125 b;4.65382;2.726;0.243;1039;;;
4126;2;GO;2;TOI-125 c transit;transit;TOI-125;125;23.59342542;-66.67635;10.718;8.995;5320;TOI-125 c;9.15059;2.759;0.246;829;;;
4195;2;GO;1;TOI-1685b transit 1;transit;TOI-1685;1685;68.59407715;43.03683037;12.2956;8.758;3434;TOI-1685 b;0.6691406;1.7;0.152;1078;;;
4195;2;GO;2;TOI-1685b transit 2;transit;TOI-1685;1685;68.59407722;43.03683024;12.2956;8.758;3434;TOI-1685 b;0.6691406;1.7;0.152;1078;;;
4195;2;GO;3;TOI-1685b transit 3;transit;TOI-1685;1685;68.59407699;43.03683064;12.2956;8.758;3434;TOI-1685 b;0.6691406;1.7;0.152;1078;;;
4195;2;GO;4;TOI-1685b transit 4;transit;TOI-1685;1685;68.59396;43.03702778;12.2956;8.758;3434;TOI-1685 b;0.6691406;1.7;0.152;1078;;;
4227;2;GO;1;Transit;transit;TOI-1899;1899;299.4268471;40.14334722;13.5553;10.509;3841;TOI-1899 b;29.02;12.89;1.15;363;;;
4536;3;GTO;1;GJ 3470 b transit;transit;GJ 3470;5094;119.7734754;15.3912;11.3537;7.989;3600;GJ 3470 b;3.3366496;4.57;0.408;683;;;
4711;3;GO;1;TOI-4336b;transit;TOI-4336;1955;206.1070129;-40.33735;0;0;5600;1955.01;16.3152;13.25049334;1.182131869;1526;;;
4711;3;GO;2;TOI-4336b;transit;TOI-4336;1955;206.1070129;-40.33735;0;0;5600;1955.01;16.3152;13.25049334;1.182131869;1526;;;
4818;3;GO;1;GJ 9827;eclipse;GJ 9827;4517;351.7701571;-1.286272222;9.83773;7.193;4305;GJ 9827 b;1.2089819;1.577;0.141;1173;;;
4818;3;GO;3;HD 20329;eclipse;HD 20329;4524;49.17762417;15.657225;8.59089;7.116;5596;HD 20329 b;0.926118;1.72;0.153;2138;;;
4818;3;GO;17;HD 3167;eclipse;HD 3167;;8.739684167;4.381466667;8.76221;7.066;5261;HD 3167 b;0.959641;1.67;0.149;1776;;;
4818;3;GO;13;TOI-1075;eclipse;TOI-1075;1075;309.9722438;-65.44944167;12.0544;9.115;3875;TOI-1075 b;0.6047328;1.791;0.16;1322;;;
4818;3;GO;5;TOI-1416;eclipse;TOI-1416;1416;216.9240233;41.95342222;9.65254;7.708;4884;TOI-1416 b;1.0697568;1.62;0.145;1519;;;
4818;3;GO;9;TOI-1442;eclipse;TOI-1442;1442;287.2908067;74.17228333;13.7652;10.089;3330;TOI-1442 b;0.4090677;1.17;0.104;1061;;;
4818;3;GO;15;TOI-1807;eclipse;TOI-1807;1807;201.2833154;38.92248333;9.67517;7.568;4757;TOI-1807 b;0.549372;1.258;0.112;2099;;;
4818;3;GO;19;TOI-431;eclipse;TOI-431;431;83.26916875;-26.72451944;8.79171;6.723;4850;TOI-431 b;0.490047;1.28;0.114;1880;;;
4818;3;GO;7;TOI-500;eclipse;TOI-500;500;106.5582304;-47.58718611;10.1026;7.715;4440;TOI-500 b;0.548177;1.166;0.104;1619;;;
4818;3;GO;11;TOI-561;eclipse;TOI-561;561;148.1856217;6.216366667;10.0128;8.394;5372;TOI-561 b;0.4465688;1.425;0.127;2306;;;
4931;3;GO;1;TOI-4481 Visit 1;eclipse;GJ 806;4481;311.26708;44.49906944;9.82461;6.533;3600;GJ 806 b;0.9263237;1.331;0.119;937;;;
4931;3;GO;3;TOI-4481 Visit 2;eclipse;GJ 806;4481;311.26708;44.49906944;9.82461;6.533;3600;GJ 806 b;0.9263237;1.331;0.119;937;;;
4931;3;GO;5;TOI-4481 Visit 3;eclipse;GJ 806;4481;311.26708;44.49906944;9.82461;6.533;3600;GJ 806 b;0.9263237;1.331;0.119;937;;;
5022;3;GO;1;WASP-103PRISM;partial phase;WASP-103;;249.3148679;7.183352778;12.1931;10.767;6110;WASP-103 b;0.925542;17.127;1.528;2509;;;
5177;3;GO;1;;transit;TOI-199;199;80.10548;-59.89568333;10.5784;8.814;5255;TOI-199 b;104.854;9.079;0.81;352;;;
5191;3;GO;1;Visit1;eclipse;TRAPPIST-1;;346.6208329;-5.041111111;15.6451;10.296;2566;TRAPPIST-1 c;2.421937;1.097;0.098;341;;;
5191;3;GO;2;Visit2;eclipse;TRAPPIST-1;;346.6208329;-5.041111111;15.6451;10.296;2566;TRAPPIST-1 c;2.421937;1.097;0.098;341;;;
5191;3;GO;3;Visit3;eclipse;TRAPPIST-1;;346.6208329;-5.041111111;15.6451;10.296;2566;TRAPPIST-1 c;2.421937;1.097;0.098;341;;;
5191;3;GO;4;Visit4;eclipse;TRAPPIST-1;;346.6208329;-5.041111111;15.6451;10.296;2566;TRAPPIST-1 c;2.421937;1.097;0.098;341;;;
5268;3;GO;1;WASP-76b Phase Curve;eclipse;WASP-76;2403;26.63293625;2.700388889;9.39507;8.243;6250;WASP-76 b;1.809886;20.512;1.83;2182;;;
5311;3;GO;1;;transit;AU Mic;2221;311.2911371;-31.34245;7.84038;4.529;3665;AU Mic b;8.4629991;3.957;0.353;630;;;
5311;3;GO;2;;transit;AU Mic;2221;311.2911371;-31.34245;7.84038;4.529;3665;AU Mic b;8.4629991;3.957;0.353;630;;;
5311;3;GO;3;;transit;AU Mic;2221;311.2911371;-31.34245;7.84038;4.529;3665;AU Mic b;8.4629991;3.957;0.353;630;;;
5311;3;GO;4;;transit;AU Mic;2221;311.2911371;-31.34245;7.84038;4.529;3665;AU Mic b;8.4629991;3.957;0.353;630;;;
5531;3;GO;1;;transit;Kepler-167;;292.6584425;38.3454;14.0004;11.832;4884;Kepler-167 e;1071.23205;10.16;0.906;149;;;
5634;3;GO;1;;eclipse;WASP-39;5675;217.3266479;-3.4445;11.8867;10.202;5400;WASP-39 b;4.055259;14.235;1.27;1121;;;
5687;3;GO;1;;eclipse;KELT-8;2132;283.3055175;24.12738333;10.6699;9.177;5754;KELT-8 b;3.24406;18.159;1.62;1572;;;
5687;3;GO;2;;eclipse;KELT-8;2132;283.3055175;24.12738333;10.6699;9.177;5754;KELT-8 b;3.24406;18.159;1.62;1572;;;
5799;3;GO;1;SOSS;transit;TOI-3884;3884;181.5726546;12.50691111;14.2747;10.24;3269;TOI-3884 b;4.5445697;6;0.535;459;;;
5799;3;GO;2;SOSS;transit;TOI-3884;3884;181.5726546;12.50691111;14.2747;10.24;3269;TOI-3884 b;4.5445697;6;0.535;459;;;
5799;3;GO;3;G395H;transit;TOI-3884;3884;181.5726546;12.50691111;14.2747;10.24;3269;TOI-3884 b;4.5445697;6;0.535;459;;;
5844;3;GO;1;Transit 1;transit;HAT-P-18;2127;256.3464479;33.01248333;12.3682;10.234;4803;HAT-P-18 b;5.508023;11.153;0.995;848;;;
5844;3;GO;2;Transit 2;transit;HAT-P-18;2127;256.3464479;33.01248333;12.3682;10.234;4803;HAT-P-18 b;5.508023;11.153;0.995;848;;;
5863;3;GO;1;NIRISS TOI-3884b;transit;TOI-3884;3884;181.5726546;12.50691111;14.2747;10.24;3269;TOI-3884 b;4.5445697;6;0.535;459;;;
5863;3;GO;2;NIRSpec TOI-3884b;transit;TOI-3884;3884;181.5726546;12.50691111;14.2747;10.24;3269;TOI-3884 b;4.5445697;6;0.535;459;;;
5863;3;GO;3;NIRISS TOI-3884b;transit;TOI-3884;3884;181.5726546;12.50691111;14.2747;10.24;3269;TOI-3884 b;4.5445697;6;0.535;459;;;
5863;3;GO;4;NIRSpec TOI-3884b;transit;TOI-3884;3884;181.5726546;12.50691111;14.2747;10.24;3269;TOI-3884 b;4.5445697;6;0.535;459;;;
5866;3;GO;1;;transit;GJ 486;1827;191.9815313;9.749419444;10.094;6.362;3340;GJ 486 b;1.467119;1.305;0.116;703;;;
5866;3;GO;2;;transit;GJ 486;1827;191.9815313;9.749419444;10.094;6.362;3340;GJ 486 b;1.467119;1.305;0.116;703;;;
5866;3;GO;3;;transit;GJ 486;1827;191.9815313;9.749419444;10.094;6.362;3340;GJ 486 b;1.467119;1.305;0.116;703;;;
5882;3;GO;1;V1298 Tau d;transit;V1298 Tau;;61.33162917;20.15703056;10.0702;8.094;5050;V1298 Tau d;12.4032;6.41;0.572;857;;;
5882;3;GO;2;V1298 Tau e;transit;V1298 Tau;;61.33162917;20.15703056;10.0702;8.094;5050;V1298 Tau d;12.4032;6.41;0.572;857;;;
5894;3;GO;1;TOI-4010b;transit;TOI-4010;4010;20.21441083;66.07228889;12.1216;10.157;4960;TOI-4010 b;1.348335;3.02;0.269;1440;;;
5894;3;GO;2;TOI-4010c;transit;TOI-4010;4010;20.21441083;66.07228889;12.1216;10.157;4960;TOI-4010 c;5.414654;5.93;0.529;905;;;
5894;3;GO;3;TOI-4010d;transit;TOI-4010;4010;20.21441083;66.07228889;12.1216;10.157;4960;TOI-4010 d;14.70886;6.18;0.551;648;;;
5924;3;GO;11;HAT-P-1_NIRSpec_G395H - Transit;transit;HAT-P-1;1388;344.4413333;38.67422222;10.1786;8.858;5980;HAT-P-1 b;4.46529976;14.785;1.319;1323;;;
5924;3;GO;3;HAT-P-11_NIRISS_SOSS - Transit;transit;HAT-P-11;1144;297.7093621;48.08086111;9.15098;7.009;4780;HAT-P-11 b;4.88780244;4.36;0.389;829;;;
5924;3;GO;5;HAT-P-18_NIRSpec_G395H - Transit;transit;HAT-P-18;2127;256.3464625;33.01249167;12.3682;10.234;4803;HAT-P-18 b;5.508023;11.153;0.995;848;;;
5924;3;GO;35;HAT-P-30_SOSS;transit;HAT-P-30;490;123.9498429;5.836866667;10.2998;9.151;6304;HAT-P-30 b;2.8106;16.141;1.44;1700;;;
5924;3;GO;29;HATS-72 SOSS Transit;transit;HATS-72;294;339.02584;-17.00030556;12.0725;9.764;4656.1;HATS-72 b;7.3279474;8.097;0.722;739;;;
5924;3;GO;34;KELT-7_SOSS;transit;KELT-7;1682;78.29559125;33.31795278;8.45173;7.543;6768;KELT-7 b;2.73477;17.934;1.6;2090;;;
5924;3;GO;33;NGTS-2_SOSS;transit;NGTS-2;1934;215.1227617;-31.20206944;10.8605;9.799;6478;NGTS-2 b;4.511164;17.878;1.595;1623;;;
5924;3;GO;19;WASP-12_NIRSpec_Prism - Transit;transit;WASP-12;1725;97.636645;29.67226667;11.4999;10.188;6360;WASP-12 b;1.09142;21.712;1.937;2594;;;
5924;3;GO;16;WASP-19_NIRSpec_Prism - Transit;transit;WASP-19;655;148.4169875;-45.65918333;12.1088;10.481;5616;WASP-19 b;0.78883852;15.861;1.415;2117;;;
5924;3;GO;10;WASP-6_NIRSpec_Prism - Transit;transit;WASP-6;231;348.1572417;-22.67396111;11.9761;10.325;5450;WASP-6 b;3.36101;11.545;1.03;1093;;;
5924;3;GO;28;WASP-63_NIRSpec_G395H;transit;WASP-63;483;94.33635625;-38.32338333;10.9185;9.393;5550;WASP-63 b;4.37808;15.805;1.41;1523;;;
5924;3;GO;31;WASP-69_SOSS;transit;WASP-69;5823;315.0259663;-5.094858333;9.48466;7.459;4700;WASP-69 b;3.86814;12.442;1.11;988;;;
5924;3;GO;36;WASP-76_SOSS;transit;WASP-76;2403;26.63274;2.700563889;9.39507;8.243;6250;WASP-76 b;1.809886;20.512;1.83;2182;;;
5924;3;GO;37;WASP-76_G395H;transit;WASP-76;2403;26.63274;2.700563889;9.39507;8.243;6250;WASP-76 b;1.809886;20.512;1.83;2182;;;
5924;3;GO;12;WASP-80_NIRISS_SOSS - Transit;transit;WASP-80;5801;303.1673567;-2.144219444;11.273;8.351;4143;WASP-80 b;3.06785234;11.198;0.999;827;;;
5924;3;GO;32;WASP-94Ab_SOSS;transit;WASP-94 A;107;313.7832392;-34.13575;10.0285;8.874;6170;WASP-94 A b;3.95019;17.71;1.58;1543;;;
5959;3;GO;9;TOI 2076 b;transit;TOI-2076;2076;217.3926775;39.79042778;8.91028;7.115;5200;TOI-2076 b;10.35509;2.518;0.225;843;;;
5959;3;GO;10;TOI 2076 b;transit;TOI-2076;2076;217.3926775;39.79042778;8.91028;7.115;5200;TOI-2076 b;10.35509;2.518;0.225;843;;;
5959;3;GO;11;TOI 2076 c;transit;TOI-2076;2076;217.3926775;39.79042778;8.91028;7.115;5200;TOI-2076 c;21.01538;3.497;0.312;666;;;
5959;3;GO;12;TOI 2076 c;transit;TOI-2076;2076;217.3926775;39.79042778;8.91028;7.115;5200;TOI-2076 c;21.01538;3.497;0.312;666;;;
5959;3;GO;13;TOI 2076 d;transit;TOI-2076;2076;217.3926775;39.79042778;8.91028;7.115;5200;TOI-2076 d;35.12537;3.232;0.288;561;;;
5959;3;GO;14;TOI 2076 d;transit;TOI-2076;2076;217.3926775;39.79042778;8.91028;7.115;5200;TOI-2076 d;35.12537;3.232;0.288;561;;;
5959;3;GO;5;TOI 451 c;transit;TOI-451;451;62.96644542;-37.93978333;10.7498;9.19;5550;TOI-451 c;9.192522;3.1;0.277;875;;;
5959;3;GO;6;TOI 451 c;transit;TOI-451;451;62.96644542;-37.93978333;10.7498;9.19;5550;TOI-451 c;9.192522;3.1;0.277;875;;;
5959;3;GO;7;TOI 451 d;transit;TOI-451;451;62.96644542;-37.93978333;10.7498;9.19;5550;TOI-451 d;16.364988;4.07;0.363;722;;;
5959;3;GO;8;TOI 451 d;transit;TOI-451;451;62.96644542;-37.93978333;10.7498;9.19;5550;TOI-451 d;16.364988;4.07;0.363;722;;;
5959;3;GO;1;V1298 Tau c;transit;V1298 Tau;;61.33162917;20.1571;10.0702;8.094;5050;V1298 Tau c;8.24958;5.59;0.499;981;;;
5959;3;GO;2;V1298 Tau c;transit;V1298 Tau;;61.33162917;20.1571;10.0702;8.094;5050;V1298 Tau c;8.24958;5.59;0.499;981;;;
5959;3;GO;3;V1298 Tau d;transit;V1298 Tau;;61.33162917;20.1571;10.0702;8.094;5050;V1298 Tau d;12.4032;6.41;0.572;857;;;
5959;3;GO;4;V1298 Tau d;transit;V1298 Tau;;61.33162917;20.1571;10.0702;8.094;5050;V1298 Tau d;12.4032;6.41;0.572;857;;;
5967;3;GO;1;Eclipse 1;eclipse;TOI-849;849;28.7158075;-29.42170556;12.0645;10.418;5373.8;TOI-849 b;0.76552414;3.444;0.307;1966;;;
5967;3;GO;2;Eclipse 2;eclipse;TOI-849;849;28.7158075;-29.42170556;12.0645;10.418;5373.8;TOI-849 b;0.76552414;3.444;0.307;1966;;;
5967;3;GO;3;Eclipse 3;eclipse;TOI-849;849;28.7158075;-29.42170556;12.0645;10.418;5373.8;TOI-849 b;0.76552414;3.444;0.307;1966;;;
6045;3;GO;1;WASP-76b;eclipse;WASP-76;2403;26.63274;2.700563889;9.39507;8.243;6250;WASP-76 b;1.809886;20.512;1.83;2182;;;
6193;3;GO;1;TOI-700 d;transit;TOI-700;700;97.09571667;-65.57861389;12.0665;8.634;3459;TOI-700 d;37.42396;1.073;0.096;267;;;
6193;3;GO;2;TOI-700 e;transit;TOI-700;700;97.09571667;-65.57861389;12.0665;8.634;3459;TOI-700 e;27.80978;0.953;0.085;295;;;
6219;3;GO;1;;transit;HAT-P-12;1844;209.3894454;43.4935;12.4197;10.108;4650;HAT-P-12 b;3.2130598;10.749;0.959;957;;;
6284;3;GO;1;Transit 1, F332W2;transit;HD 207496;1099;328.7137554;-77.33799722;7.97255;5.967;4819;HD 207496 b;6.441008;2.25;0.201;813;;;
6284;3;GO;2;Transit 2, F444W;transit;HD 207496;1099;328.7137554;-77.33799722;7.97255;5.967;4819;HD 207496 b;6.441008;2.25;0.201;813;;;
6456;3;GO;1;530;transit;TRAPPIST-1;;346.6223688;-5.0414;15.6451;10.296;2566;TRAPPIST-1 h;18.772866;0.755;0.067;172;;;
6456;3;GO;2;587;transit;TRAPPIST-1;;346.6223688;-5.0414;15.6451;10.296;2566;TRAPPIST-1 h;18.772866;0.755;0.067;172;;;
6456;3;GO;3;531;transit;TRAPPIST-1;;346.6223688;-5.0414;15.6451;10.296;2566;TRAPPIST-1 h;18.772866;0.755;0.067;172;;;
6456;3;GO;4;585;transit;TRAPPIST-1;;346.6223688;-5.0414;15.6451;10.296;2566;TRAPPIST-1 h;18.772866;0.755;0.067;172;;;
6456;3;GO;5;586;transit;TRAPPIST-1;;346.6223688;-5.0414;15.6451;10.296;2566;TRAPPIST-1 h;18.772866;0.755;0.067;172;;;
6456;3;GO;15;556;transit;TRAPPIST-1;;346.6223688;-5.0414;15.6451;10.296;2566;TRAPPIST-1 h;18.772866;0.755;0.067;172;;;
6457;3;GO;1;Eclipse;eclipse;LP 791-18;736;165.6914775;-16.40619167;15.0715;10.644;2960;LP 791-18 d;2.753436;1.032;0.092;429;;;
6457;3;GO;2;Eclipse;eclipse;LP 791-18;736;165.6914775;-16.40619167;15.0715;10.644;2960;LP 791-18 d;2.753436;1.032;0.092;429;;;
6457;3;GO;3;Eclipse;eclipse;LP 791-18;736;165.6914775;-16.40619167;15.0715;10.644;2960;LP 791-18 d;2.753436;1.032;0.092;429;;;
6457;3;GO;4;Eclipse;eclipse;LP 791-18;736;165.6914775;-16.40619167;15.0715;10.644;2960;LP 791-18 d;2.753436;1.032;0.092;429;;;
6457;3;GO;5;Eclipse;eclipse;LP 791-18;736;165.6914775;-16.40619167;15.0715;10.644;2960;LP 791-18 d;2.753436;1.032;0.092;429;;;
6491;3;GO;1;;transit;Kepler-167;;292.6584425;38.3454;14.0004;11.832;4884;Kepler-167 e;1071.23205;10.16;0.906;149;;;
6543;3;DD;1;LHS 1140 b;transit;LHS 1140;256;11.24798308;-15.27293365;12.6706;8.821;2988;LHS 1140 b;24.73694;1.635;0.146;213;;;
6543;3;DD;2;LHS 1140 b;transit;LHS 1140;256;11.24940935;-15.27551485;12.6706;8.821;2988;LHS 1140 b;24.73694;1.635;0.146;213;;;
6932;4;GO;1;NIRISS_toi1801;transit;TOI-1801;1801;175.5765579;23.02685;10.8269;7.805;3748;TOI-1801 b;10.64;2.079;0,185625;431.03;;;
6932;4;GO;2;NIRSpec_toi1801;transit;TOI-1801;1801;175.5765579;23.02685;10.8269;7.805;3748;TOI-1801 b;10.64;2.079;0,185625;431.03;;;
6932;4;GO;3;NIRISS_toi1802;transit;TOI-1801;1801;175.5765579;23.02685;10.8269;7.805;3748;TOI-1801 b;10.64;2.079;0,185625;431.03;;;
6932;4;GO;4;NIRSpec_toi1802;transit;TOI-1801;1801;175.5765579;23.02685;10.8269;7.805;3748;TOI-1801 b;10.64;2.079;0,185625;431.03;;;
6932;4;GO;5;NIRISS_toi1803;transit;TOI-1801;1801;175.5765579;23.02685;10.8269;7.805;3748;TOI-1801 b;10.64;2.079;0,185625;431.03;;;
6932;4;GO;6;NIRSpec_toi1803;transit;TOI-1801;1801;175.5765579;23.02685;10.8269;7.805;3748;TOI-1801 b;10.64;2.079;0,185625;431.03;;;
6978;4;GO;1;KELT-20b eclipse;eclipse;KELT-20;;294.6615;31.2193;7.58;7.42;8980;KELT-20 b;3.4741084;19.51;1.741;2262;;;
7073;4;GO;11;NIRISS-Transit-1;transit;LTT-1445A;;45.462465;16.594494;10.046900;6.496;3340;LTT-1445 A c;3.123898;1.147;0.1023;508;;;
7073;4;GO;12;NIRISS-Transit-2;transit;LTT-1445A;;45.462465;16.594494;10.046900;6.496;3340;LTT-1445 A c;3.123898;1.147;0.1023;508;;;
7073;4;GO;13;NIRSpec-Transit-1;transit;LTT-1445A;;45.462465;16.594494;10.046900;6.496;3340;LTT-1445 A c;3.123898;1.147;0.1023;508;;;
7073;4;GO;14;NIRSpec-Transit-2;transit;LTT-1445A;;45.462465;16.594494;10.046900;6.496;3340;LTT-1445 A c;3.123898;1.147;0.1023;508;;;
7073;4;GO;15;NIRISS-OffsetTest;transit;LTT-1445A;;45.462465;16.594494;10.046900;6.496;3340;LTT-1445 A c;3.123898;1.147;0.1023;508;;;
7073;4;GO;1;NIRISS-Transit-1;transit;LTT-1445A;;45.462465;16.594494;10.046900;6.496;3340;LTT-1445 A b;5.358765;1.18;0.105;555;;;
7073;4;GO;2;NIRISS-Transit-2;transit;LTT-1445A;;45.462465;16.594494;10.046900;6.496;3340;LTT-1445 A b;5.358765;1.18;0.105;555;;;
7073;4;GO;3;NIRSpec-Transit-1;transit;LTT-1445A;;45.462465;16.594494;10.046900;6.496;3340;LTT-1445 A b;5.358765;1.18;0.105;555;;;
7073;4;GO;31;NIRISS-Transit-1;transit;LHS-1140;;11.24862;15.27411;12.670600;8.821;3216;LHS-1140 c;3.777940;1.272;0.1135;422;;;
7073;4;GO;32;NIRSpec-Transit-1;transit;LHS-1140;;11.24862;15.27411;12.670600;8.821;3216;LHS-1140 c;3.777940;1.272;0.1135;422;;;
7073;4;GO;33;NIRSpec-Transit-2;transit;LHS-1140;;11.24862;15.27411;12.670600;8.821;3216;LHS-1140 c;3.777940;1.272;0.1135;422;;;
7073;4;GO;21;NIRISS-Transit-1;transit;LHS-1140;;11.24862;15.27411;12.670600;8.821;3216;LHS-1140 b;24.73723;1.730;0.1543;226;;;
7073;4;GO;22;NIRISS-Transit-2;transit;LHS-1140;;11.24862;15.27411;12.670600;8.821;3216;LHS-1140 b;24.73723;1.730;0.1543;226;;;
7073;4;GO;23;NIRISS-Transit-3;transit;LHS-1140;;11.24862;15.27411;12.670600;8.821;3216;LHS-1140 b;24.73723;1.730;0.1543;226;;;
7073;4;GO;24;NIRSpec-Transit-1;transit;LHS-1140;;11.24862;15.27411;12.670600;8.821;3216;LHS-1140 b;24.73723;1.730;0.1543;226;;;
7073;4;GO;25;NIRSpec-Transit-2;transit;LHS-1140;;11.24862;15.27411;12.670600;8.821;3216;LHS-1140 b;24.73723;1.730;0.1543;226;;;
7073;4;GO;26;NIRSpec-Transit-3;transit;LHS-1140;;11.24862;15.27411;12.670600;8.821;3216;LHS-1140 b;24.73723;1.730;0.1543;226;;;
7073;4;GO;41;Transit-1;transit;LP-890-9;;64.13093;28.31579;15.821300;11.344;2850;LP 890-9 b;2.7299025;1.320;0.1178;396;;;
7073;4;GO;42;Transit-2;transit;LP-890-9;;64.13093;28.31579;15.821300;11.344;2850;LP 890-9 b;2.7299025;1.320;0.1178;396;;;
7073;4;GO;43;Transit-3;transit;LP-890-9;;64.13093;28.31579;15.821300;11.344;2850;LP 890-9 b;2.7299025;1.320;0.1178;396;;;
7073;4;GO;44;Transit-4;transit;LP-890-9;;64.13093;28.31579;15.821300;11.344;2850;LP 890-9 b;2.7299025;1.320;0.1178;396;;;
7073;4;GO;45;Transit-5;transit;LP-890-9;;64.13093;28.31579;15.821300;11.344;2850;LP 890-9 b;2.7299025;1.320;0.1178;396;;;
7073;4;GO;46;Transit-6;transit;LP-890-9;;64.13093;28.31579;15.821300;11.344;2850;LP 890-9 b;2.7299025;1.320;0.1178;396;;;
7073;4;GO;47;Transit-7;transit;LP-890-9;;64.13093;28.31579;15.821300;11.344;2850;LP 890-9 b;2.7299025;1.320;0.1178;396;;;
7073;4;GO;48;Transit-8;transit;LP-890-9;;64.13093;28.31579;15.821300;11.344;2850;LP 890-9 c;2.7299025;1.320;0.1178;396;;;
7073;4;GO;51;Transit-1;transit;LP-890-9;;64.13093;28.31579;15.821300;11.344;2850;LP 890-9 c;8.457463;1.367;0.1220;272;;;
7073;4;GO;52;Transit-2;transit;LP-890-9;;64.13093;28.31579;15.821300;11.344;2850;LP 890-9 c;8.457463;1.367;0.1220;272;;;
7073;4;GO;53;Transit-3;transit;LP-890-9;;64.13093;28.31579;15.821300;11.344;2850;LP 890-9 c;8.457463;1.367;0.1220;272;;;
7073;4;GO;54;Transit-4;transit;LP-890-9;;64.13093;28.31579;15.821300;11.344;2850;LP 890-9 c;8.457463;1.367;0.1220;272;;;
7073;4;GO;55;Transit-5;transit;LP-890-9;;64.13093;28.31579;15.821300;11.344;2850;LP 890-9 c;8.457463;1.367;0.1220;272;;;
7073;4;GO;56;Transit-6;transit;LP-890-9;;64.13093;28.31579;15.821300;11.344;2850;LP 890-9 c;8.457463;1.367;0.1220;272;;;
7073;4;GO;57;Transit-7;transit;LP-890-9;;64.13093;28.31579;15.821300;11.344;2850;LP 890-9 c;8.457463;1.367;0.1220;272;;;
7073;4;GO;58;Transit-8;transit;LP-890-9;;64.13093;28.31579;15.821300;11.344;2850;LP 890-9 c;8.457463;1.367;0.1220;272;;;
7073;4;GO;59;Transit-9;transit;LP-890-9;;64.13093;28.31579;15.821300;11.344;2850;LP 890-9 c;8.457463;1.367;0.1220;272;;;
7073;4;GO;60;Transit-10;transit;LP-890-9;;64.13093;28.31579;15.821300;11.344;2850;LP 890-9 c;8.457463;1.367;0.1220;272;;;
7073;4;GO;61;Transit-11;transit;LP-890-9;;64.13093;28.31579;15.821300;11.344;2850;LP 890-9 c;8.457463;1.367;0.1220;272;;;
7073;4;GO;62;Transit-12;transit;LP-890-9;;64.13093;28.31579;15.821300;11.344;2850;LP 890-9 c;8.457463;1.367;0.1220;272;;;
7073;4;GO;63;Transit-13;transit;LP-890-9;;64.13093;28.31579;15.821300;11.344;2850;LP 890-9 c;8.457463;1.367;0.1220;272;;;
7073;4;GO;64;Transit-14;transit;LP-890-9;;64.13093;28.31579;15.821300;11.344;2850;LP 890-9 c;8.457463;1.367;0.1220;272;;;
7073;4;GO;65;Transit-15;transit;LP-890-9;;64.13093;28.31579;15.821300;11.344;2850;LP 890-9 c;8.457463;1.367;0.1220;272;;;
7073;4;GO;66;Transit-16;transit;LP-890-9;;64.13093;28.31579;15.821300;11.344;2850;LP 890-9 c;8.457463;1.367;0.1220;272;;;
7073;4;GO;67;Transit-17;transit;LP-890-9;;64.13093;28.31579;15.821300;11.344;2850;LP 890-9 c;8.457463;1.367;0.1220;272;;;
7073;4;GO;68;Transit-18;transit;LP-890-9;;64.13093;28.31579;15.821300;11.344;2850;LP 890-9 c;8.457463;1.367;0.1220;272;;;
7188;4;GO;1;TOI-199;transit;TOI-199;199;80.105875;-59.895567;10.578400;8.814;5255;TOI-199 b;104.854;9.08;0.810;;;;
7188;4;GO;2;TOI-199;transit;TOI-199;199;80.105875;-59.895567;10.578400;8.814;5255;TOI-199 b;104.854;9.08;0.810;;;;
7251;4;GO;1;F150W2+F322W2 1;transit;LTT-1445A;;45.462465;16.594494;10.046900;6.496;3340;LTT-1445A b;5.358765;1.18;0.105;555;;;
7251;4;GO;2;F150W2+F444W 1;transit;LTT-1445A;;45.462465;16.594494;10.046900;6.496;3340;LTT-1445A b;5.358765;1.18;0.105;555;;;
7251;4;GO;3;F150W2+F322W2 2;transit;LTT-1445A;;45.462465;16.594494;10.046900;6.496;3340;LTT-1445A b;5.358765;1.18;0.105;555;;;
7251;4;GO;4;F150W2+F444W 2;transit;LTT-1445A;;45.462465;16.594494;10.046900;6.496;3340;LTT-1445A b;5.358765;1.18;0.105;555;;;
7251;4;GO;5;F150W2+F322W2 3;transit;LTT-1445A;;45.462465;16.594494;10.046900;6.496;3340;LTT-1445A b;5.358765;1.18;0.105;555;;;
7251;4;GO;6;F150W2+F444W 3;transit;LTT-1445A;;45.462465;16.594494;10.046900;6.496;3340;LTT-1445A b;5.358765;1.18;0.105;555;;;
7251;4;GO;7;F150W2+F322W2 4;transit;LTT-1445A;;45.462465;16.594494;10.046900;6.496;3340;LTT-1445A b;5.358765;1.18;0.105;555;;;
7251;4;GO;8;F150W2+F444W 4;transit;LTT-1445A;;45.462465;16.594494;10.046900;6.496;3340;LTT-1445A b;5.358765;1.18;0.105;555;;;
7255;4;GO;1;Phase Curve pt1;phase curve;KELT-9;;307.859917;39.938917;7.576750;7.482;9550;KELT-9 b;1.48111874;21.20;1.891;4050;;;
7255;4;GO;2;Phase Curve pt2;phase curve;KELT-9;;307.859917;39.938917;7.576750;7.482;9550;KELT-9 b;1.48111874;21.20;1.891;4050;;;
7407;4;GO;1;;transit;HD-86226;;149.1235;-23.90082;7.771300;6.463;5863;HD 86226 c;3.9846654;2.16;0.193;1311;;;
7407;4;GO;2;;transit;HD-86226;;149.1235;-23.90082;7.771300;6.463;5863;HD 86226 c;3.9846654;2.16;0.193;1311;;;
7407;4;GO;3;;transit;HD-86226;;149.1235;-23.90082;7.771300;6.463;5863;HD 86226 c;3.9846654;2.16;0.193;1311;;;
7675;4;GO;1;LHS-1478_LRS_1;eclipse;LHS-1478;;44.3389;76.5514;12.259800;8.767;3381;LHS 1478 b;1.9495378;1.242;0.1108;595;;;
7675;4;GO;2;LHS-1478_LRS_2;eclipse;LHS-1478;;44.3389;76.5514;12.259800;8.767;3381;LHS 1478 b;1.9495378;1.242;0.1108;595;;;
7675;4;GO;3;LHS-1478_LRS_3;eclipse;LHS-1478;;44.3389;76.5514;12.259800;8.767;3381;LHS 1478 b;1.9495378;1.242;0.1108;595;;;
7675;4;GO;4;LHS-1478_LRS_4;eclipse;LHS-1478;;44.3389;76.5514;12.259800;8.767;3381;LHS 1478 b;1.9495378;1.242;0.1108;595;;;
7675;4;GO;5;LHS-1478_LRS_5;eclipse;LHS-1478;;44.3389;76.5514;12.259800;8.767;3381;LHS 1478 b;1.9495378;1.242;0.1108;595;;;
7675;4;GO;6;LHS-1478_F1500W_1;eclipse;LHS-1478;;44.3389;76.5514;12.259800;8.767;3381;LHS 1478 b;1.9495378;1.242;0.1108;595;;;
7675;4;GO;7;LHS-1478_F1500W_2;eclipse;LHS-1478;;44.3389;76.5514;12.259800;8.767;3381;LHS 1478 b;1.9495378;1.242;0.1108;595;;;
7683;4;GO;1;Eclipse1;eclipse;TOI-5205;5205;313.7707;24.36098;14.93170;11.006;3430;TOI-5205 b;1.630757;11.6;1.03;737;;;
7683;4;GO;2;Eclipse2;eclipse;TOI-5205;5205;313.7707;24.36098;14.93170;11.006;3430;TOI-5205 b;1.630757;11.6;1.03;737;;;
7686;4;GO;1;;partial phase;TOI 2490;2490;;;11.7621;10.203;5459;TOI 2490 b;60.33266;11.2;1;;;;
7849;4;GO;1;HATS-72b transit;transit;HATS-72;;339.0258;?17.0003;12.072500;9.764;4656.1;HATS-72 b;7.3279496;8.097;0.7224;739.3;;;
7849;4;GO;2;Kepler-12b transit 1;transit;Kepler-12;;286.2435;50.0403;13.359600;12.066;5967;Kepler-12 b;4.43796263;19.565;1.7455;1480;;;
7849;4;GO;4;Kepler-12b transit 2;transit;Kepler-12;;286.2435;50.0403;13.359600;12.066;5967;Kepler-12 b;4.43796263;19.565;1.7455;1480;;;
7849;4;GO;3;HAT-P-32b;transit;HAT-P-32;;31.0428;46.6878;11.133500;9.9900;6340;HAT-P-32 b;2.150008197;22.19;1.980;1835.7;;;
7875;4;GO;1;Eclipse 1;eclipse;55 Cnc;;133.1468;28.3299;5.7297300;4.015;5272;55 Cnc e;0.73654625;1.875;0.1673;1958;;;
7875;4;GO;2;Eclipse 2;eclipse;55 Cnc;;133.1468;28.3299;5.7297300;4.015;5272;55 Cnc e;0.73654625;1.875;0.1673;1958;;;
7875;4;GO;3;Eclipse 3;eclipse;55 Cnc;;133.1468;28.3299;5.7297300;4.015;5272;55 Cnc e;0.73654625;1.875;0.1673;1958;;;
7953;4;GO;1;MIRI;eclipse;LHS 3844;;340.4962;?69.1721;13.392500;9.145001;3004.0;LHS 3844 b;0.46292964;1.303;0.1162;805;;;
7953;4;GO;2;MIRI;eclipse;LHS 3844;;340.4962;?69.1721;13.392500;9.145001;3004.0;LHS 3844 b;0.46292964;1.303;0.1162;805;;;
7953;4;GO;3;MIRI;eclipse;LHS 3844;;340.4962;?69.1721;13.392500;9.145001;3004.0;LHS 3844 b;0.46292964;1.303;0.1162;805;;;
7953;4;GO;4;MIRI;eclipse;LHS 3844;;340.4962;?69.1721;13.392500;9.145001;3004.0;LHS 3844 b;0.46292964;1.303;0.1162;805;;;
7953;4;GO;5;MIRI;eclipse;LHS 3844;;340.4962;?69.1721;13.392500;9.145001;3004.0;LHS 3844 b;0.46292964;1.303;0.1162;805;;;
7953;4;GO;6;MIRI;eclipse;LHS 3844;;340.4962;?69.1721;13.392500;9.145001;3004.0;LHS 3844 b;0.46292964;1.303;0.1162;805;;;
7953;4;GO;7;MIRI;eclipse;LHS 3844;;340.4962;?69.1721;13.392500;9.145001;3004.0;LHS 3844 b;0.46292964;1.303;0.1162;805;;;
7953;4;GO;8;MIRI;eclipse;LHS 3844;;340.4962;?69.1721;13.392500;9.145001;3004.0;LHS 3844 b;0.46292964;1.303;0.1162;805;;;
7953;4;GO;9;NIRSpec;eclipse;LHS 3844;;340.4962;?69.1721;13.392500;9.145001;3004.0;LHS 3844 b;0.46292964;1.303;0.1162;805;;;
7982;4;GO;1;NGTS-11b SOSS;transit;NGTS-11;;23.5215;?14.4192;12.189500;10.315;5050;NGTS-11 b;35.455984;9.16;0.817;435;;;
7982;4;GO;4;NGTS-11b G395M;transit;NGTS-11;;23.5215;?14.4192;12.189500;10.315;5050;NGTS-11 b;35.455984;9.16;0.817;435;;;
7982;4;GO;2;TOI-216c SOSS;transit;TOI-216;;73.9800;?63.2603;12.163100;10.218;5025.77;TOI-216 c;17.203;8.0;0.71;628;;;
7982;4;GO;5;TOI-216c G395M;transit;TOI-216;;73.9800;?63.2603;12.163100;10.218;5025.77;TOI-216 c;17.203;8.0;0.71;628;;;
7982;4;GO;3;TOI-1670c G235M;transit;TOI-1670;;259.0173;72.1612;9.81934;8.724;6330;TOI-1670 c;40.750145;10.9;0.970;684;;;
7982;4;GO;6;TOI-1670c G395M;transit;TOI-1670;;259.0173;72.1612;9.81934;8.724;6330;TOI-1670 c;40.750145;10.9;0.970;684;;;
8004;4;GO;1;TOI-431 d;transit;TOI-431;;83.2693;?26.7239;8.791710;6.723;4850;TOI-431 d;12.4610213;3.29;0.294;633;;;
8004;4;GO;2;TOI-431 d;transit;TOI-431;;83.2693;?26.7239;8.791710;6.723;4850;TOI-431 d;12.4610213;3.29;0.294;633;;;
8004;4;GO;3;HD 12572 b;transit;HD 12572;;30.9043;21.2809;;;5626;HD 12572 b;20.7724316;;;1060;;;
8004;4;GO;4;HD 12572 b;transit;HD 12572;;30.9043;21.2809;;;5626;HD 12572 b;20.7724316;;;1060;;;
8017;4;GO;1;NIRSpec G140H;transit;WASP-39;;217.3267;?3.4445;11.886700;10.202;5326.600;WASP-39 b;4.0552842;15.2;1.36;1166;;;
8017;4;GO;2;NIRSpec G235H;transit;WASP-39;;217.3267;?3.4445;11.886700;10.202;5326.600;WASP-39 b;4.0552842;15.2;1.36;1166;;;
8063;4;GO;1;HR 8799 bcd roll 1;transit;HR_8799;;346.8696488;21.13425;5.9091400;5.240;7339;HR 8799 bcd;;;;;;;
8063;4;GO;2;HR 8799 bcd roll 2;transit;HR_8799;;346.8696488;21.13425;5.9091400;5.240;7339;HR 8799 bcd;;;;;;;
8063;4;GO;3;HIP 65426 b 1-2um roll 1;transit;HIP-65426;;201.1504071;-51.50446;6.982730;6.771;9097.000;HIP-65426 b;;17;1.5;1500;;;
8063;4;GO;4;HIP 65426 b 1-2um roll 2;transit;HIP-65426;;201.1504071;-51.50446;6.982730;6.771;9097.000;HIP-65426 b;;17;1.5;1500;;;
8063;4;GO;5;HIP 65426 b 3-5um roll 1;transit;HIP-65426;;201.1504071;-51.50446;6.982730;6.771;9097.000;HIP-65426 b;;17;1.5;1500;;;
8063;4;GO;6;HIP 65426 b 3-5um roll 2;transit;HIP-65426;;201.1504071;-51.50446;6.982730;6.771;9097.000;HIP-65426 b;;17;1.5;1500;;;
8063;4;GO;7;bet Pic b roll 1;transit;bet Pic;;86.8211988;-51.06651;3.8201500;3.526;7890;bet Pic b;8617.50952;16.8;1.5;1650;;;
8063;4;GO;8;bet Pic b roll 2;transit;bet Pic;;86.8211988;-51.06651;3.8201500;3.526;7890;bet Pic b;8617.50952;16.8;1.5;1650;;;
8063;4;GO;9;YSES 1 b roll 1;transit;TYC-8998-760-1;;201.2995025;-64.93963;10.650500;8.392;4573;;;;;;;;
8063;4;GO;10;YSES 1 b roll 2;transit;TYC-8998-760-1;;201.2995025;-64.93963;10.650500;8.392;4573;;;;;;;;
8063;4;GO;11;kap And b roll 1;transit;kap And;;355.1021150;44.33393;4.1347800;4.571;10839.000;kap And b;;;;1900;;;
8063;4;GO;12;kap And b roll 2;transit;kap And;;355.1021150;44.33393;4.1347800;4.571;10839.000;kap And b;;;;1900;;;
8063;4;GO;13;HR 2562 b roll 1;transit;HR-2562;;102.5042296;-60.24914;5.9974100;5.020;6597;HR-2562 b;;12.4;1.11;1255;;;
8063;4;GO;14;HR 2562 b roll 2;transit;HR-2562;;102.5042296;-60.24914;5.9974100;5.020;6597;HR-2562 b;;12.4;1.11;1255;;;
8233;4;GO;1;NIRISS Transit;transit;HAT-P-13;;129.8825300;47.35202;10.416800;8.975;5653;HAT-P-13 b;2.91624121;14.36;1.281;1740;;;
8233;4;GO;2;NIRSpec Transit;transit;HAT-P-13;;129.8825300;47.35202;10.416800;8.975;5653;HAT-P-13 b;2.91624121;14.36;1.281;1740;;;
8309;4;GO;1;WASP-17b transit 1;transit;WASP-17;;239.9622883;-28.06175;11.380300;10.224;6550;WASP-17 b;3.73548545;21.0;1.87;1738;;;
8309;4;GO;2;WASP-17b transit 1;transit;WASP-17;;239.9622883;-28.06175;11.380300;10.224;6550;WASP-17 b;3.73548545;21.0;1.87;1738;;;
8309;4;GO;3;WASP-17b transit 2;transit;WASP-17;;239.9622883;-28.06175;11.380300;10.224;6550;WASP-17 b;3.73548545;21.0;1.87;1738;;;
8309;4;GO;4;WASP-17b transit 2;transit;WASP-17;;239.9622883;-28.06175;11.380300;10.224;6550;WASP-17 b;3.73548545;21.0;1.87;1738;;;
8309;4;GO;5;WASP-17b eclipse 1;eclipse;WASP-17;;239.9622883;-28.06175;11.380300;10.224;6550;WASP-17 b;3.73548545;21.0;1.87;1738;;;
8309;4;GO;6;WASP-17b eclipse 1;eclipse;WASP-17;;239.9622883;-28.06175;11.380300;10.224;6550;WASP-17 b;3.73548545;21.0;1.87;1738;;;
8438;4;GO;4;NIRSpec;partial phase;eps Ind A;;330.8887358;-56.80167;4.345620;2.237;4760;eps Ind A b;16510;;;275;;;
8438;4;GO;3;MIRI MRS ON;partial phase;eps Ind A;;330.8887358;-56.80167;4.345620;2.237;4760;eps Ind A b;16510;;;275;;;
8438;4;GO;8;MIRI MRS OFF;partial phase;eps Ind A;;330.8887358;-56.80167;4.345620;2.237;4760;eps Ind A b;16510;;;275;;;
8696;4;GO;1;Transit;transit;TOI 6894;;173.4697896;12.45099;16.309200;12.207;3007;TOI 6894 b;3.37077196;9.58;0.855;417.9;;;
8739;4;GO;1;Phase Curve;phase curve;BD+05-4868;;326.8614325;6.60533;9.841520;7.448;4596;BD+05-4868 b;1.271869;;;1820;;;
8739;4;GO;2;Background Observation;phase curve;BD+05-4868;;326.8614325;6.60533;9.841520;7.448;4596;BD+05-4868 b;1.271869;;;1820;;;
8864;4;GO;1;TOI-1807b;eclipse;TOI-1807;;201.2833154;38.92248;9.675170;7.5680;4914;TOI-1807 b;0.54937097;1.49681583028193;0.133537194000337;1694.09703375523;;;
8864;4;GO;2;TOI-2260b;eclipse;TOI-2260;;247.6671654;49.04652;10.248800;8.684;4914;TOI-2260 b;0.3524728;1.62;0.145;2609;;;
8864;4;GO;3;TOI-431b;eclipse;TOI-431;;83.2691688;-26.72452;8.791710;6.723;4850;TOI-431 b;0.490047;1.28;0.114;1862;;;
8864;4;GO;4;TOI-2431b;eclipse;TOI-2431;;37.7636675;8.38199;;;4079.0;TOI-2431 b;0.2242;;0.1445;2048.0;;;
8864;4;GO;5;TOI-6255b;eclipse;TOI-6255;;331.5027758;39.30081;11.634500;8.071;3421;TOI-6255 b;0.23818244;1.079;0.09626;;;;
8877;4;GO;1;TOI2109b_PhaseCurve;phase curve;TOI-2109;;253.1863346;16.57996;10.113800;9.070;6540;TOI-2109 b;0.672474140;15.10;1.347;3646;;;
9025;4;GO;1;Transit;transit;WASP 25;;195.3599000;-27.52220;11.688500;10.174;5736.0000;WASP 25 b;3.764830;12.0;1.07;1210;;;
9025;4;GO;2;Transit;transit;K2-232;;73.7665108;18.65453;9.726260;8.434;5981.000;K2-232 b;11.16844233;11.21;1.000;1030;;;
9025;4;GO;3;Transit;transit;WASP-84;;131.1070967;1.86003;10.57450;8.855;5238.0000;WASP-84 b;8.52349648;10.72;0.956;732;;;
9025;4;GO;4;Transit;transit;TOI-2031;;331.1170504;81.56594;;;6420;TOI-2031 b;5.7154834;14.26;1.272;;;;
9025;4;GO;5;Transit 1;transit;TOI-677;;144.1195271;-50.46328;9.660820;8.429;6295;TOI-677 b;11.2365985;13.11;1.170;1252;;;
9025;4;GO;6;Transit 2;transit;TOI-677;;144.1195271;-50.46328;9.660820;8.429;6295;TOI-677 b;11.2365985;13.11;1.170;1252;;;
9033;4;GO;1;MIRI LRS (Transit 1);transit;WD1856+534;;284.4139321;53.50925;16.958000;15.548;4710;WD1856+534 b;1.4079405;10.4;0.928;163;;;
9033;4;GO;5;MIRI LRS (Transit 1) - bkgd;transit;WD1856+534;;284.4139321;53.50925;16.958000;15.548;4710;WD1856+534 b;1.4079405;10.4;0.928;163;;;
9033;4;GO;2;MIRI LRS (Transit 2);transit;WD1856+534;;284.4139321;53.50925;16.958000;15.548;4710;WD1856+534 b;1.4079405;10.4;0.928;163;;;
9033;4;GO;6;MIRI LRS (Transit 2) - bkgd;transit;WD1856+534;;284.4139321;53.50925;16.958000;15.548;4710;WD1856+534 b;1.4079405;10.4;0.928;163;;;
9033;4;GO;3;NIRSpec PRISM Trans it 1;transit;WD1856+534;;284.4139321;53.50925;16.958000;15.548;4710;WD1856+534 b;1.4079405;10.4;0.928;163;;;
9033;4;GO;4;NIRSpec PRISM Trans it 2;transit;WD1856+534;;284.4139321;53.50925;16.958000;15.548;4710;WD1856+534 b;1.4079405;10.4;0.928;163;;;
9095;4;GO;2;TOI674-transit-NIRISSSOSS;transit;TOI-674;;164.5874375;-36.85809;13.091400;9.469;3514;TOI-674 b;1.97716420;5.25;0.468;635;;;
9095;4;GO;3;TOI674-transit-NIRSpecG395H;transit;TOI-674;;164.5874375;-36.85809;13.091400;9.469;3514;TOI-674 b;1.97716420;5.25;0.468;635;;;
9095;4;GO;4;TOI674-transit1-MIRILRS;transit;TOI-674;;164.5874375;-36.85809;13.091400;9.469;3514;TOI-674 b;1.97716420;5.25;0.468;635;;;
9095;4;GO;5;TOI674-transit2-MIRILRS;transit;TOI-674;;164.5874375;-36.85809;13.091400;9.469;3514;TOI-674 b;1.97716420;5.25;0.468;635;;;
9095;4;GO;6;TOI674-transit3-MIRILRS;transit;TOI-674;;164.5874375;-36.85809;13.091400;9.469;3514;TOI-674 b;1.97716420;5.25;0.468;635;;;
9095;4;GO;7;TOI674-transit4-MIRILRS;transit;TOI-674;;164.5874375;-36.85809;13.091400;9.469;3514;TOI-674 b;1.97716420;5.25;0.468;635;;;
9095;4;GO;9;TOI674-eclipseFinder NIRSpecG395H;eclipse;TOI-674;;164.5874375;-36.85809;13.091400;9.469;3514;TOI-674 b;1.97716420;5.25;0.468;635;;;
9095;4;GO;10;TOI674-eclipse2-NIRSpecG395H;eclipse;TOI-674;;164.5874375;-36.85809;13.091400;9.469;3514;TOI-674 b;1.97716420;5.25;0.468;635;;;
9101;4;GO;1;MIRI LRS Transit;transit;WASP-127;;160.5586821;-3.83507;10.054000;8.641;5828.010;WASP-127 b;4.178062;14.69;1.311;1400;;;
9101;4;GO;2;MIRI LRS Transit;transit;WASP-193;;164.3493842;-29.99713;12.042100;10.745;6078;WASP-193 b;6.2463345;16.41;1.464;1254;;;
9101;4;GO;3;NIRSpec G395M Trans it;transit;WASP-193;;164.3493842;-29.99713;12.042100;10.745;6078;WASP-193 b;6.2463345;16.41;1.464;1254;;;
9101;4;GO;4;NIRSpec G395M Trans it;transit;WASP-193;;164.3493842;-29.99713;12.042100;10.745;6078;WASP-193 b;6.2463345;16.41;1.464;1254;;;
9101;4;GO;5;NIRSpec G395M Trans it;transit;WASP-193;;164.3493842;-29.99713;12.042100;10.745;6078;WASP-193 b;6.2463345;16.41;1.464;1254;;;
9101;4;GO;6;MIRI LRS Transit;transit;TOI-1420;;322.9413212;66.34887;11.738000;10.119;5510;TOI-1420 b;6.9561063;11.89;1.061;957;;;
9101;4;GO;7;NIRSpec G395M Trans it;transit;TOI-1420;;322.9413212;66.34887;11.738000;10.119;5510;TOI-1420 b;6.9561063;11.89;1.061;957;;;
9101;4;GO;8;NIRISS SOSS Transit;transit;TOI-1420;;322.9413212;66.34887;11.738000;10.119;5510;TOI-1420 b;6.9561063;11.89;1.061;957;;;
9157;4;GO;1;MRS;phase curve;WD1856+534;;284.4139321;53.50925;16.958000;15.548;4710;WD1856+534 b;1.4079405;10.4;0.928;163;;;
9157;4;GO;2;MRS;phase curve;WD1856+534;;284.4139321;53.50925;16.958000;15.548;4710;WD1856+534 b;1.4079405;10.4;0.928;163;;;
9157;4;GO;3;MRS;phase curve;WD1856+534;;284.4139321;53.50925;16.958000;15.548;4710;WD1856+534 b;1.4079405;10.4;0.928;163;;;
9157;4;GO;4;MRS;phase curve;WD1856+534;;284.4139321;53.50925;16.958000;15.548;4710;WD1856+534 b;1.4079405;10.4;0.928;163;;;
9157;4;GO;5;NIRSpec;phase curve;WD1856+534;;284.4139321;53.50925;16.958000;15.548;4710;WD1856+534 b;1.4079405;10.4;0.928;163;;;
9256;4;GO;6;589;transit;TRAPPIST-1;;346.6265217;-5.04353;15.645100;10.296;2566;TRAPPIST-1 b;1.51088432;1.116;0.09956;397.6;;;
9256;4;GO;7;590;transit;TRAPPIST-1;;346.6265217;-5.04353;15.645100;10.296;2566;TRAPPIST-1 b;1.51088432;1.116;0.09956;397.6;;;
9256;4;GO;8;591;transit;TRAPPIST-1;;346.6265217;-5.04353;15.645100;10.296;2566;TRAPPIST-1 b;1.51088432;1.116;0.09956;397.6;;;
9256;4;GO;9;592;transit;TRAPPIST-1;;346.6265217;-5.04353;15.645100;10.296;2566;TRAPPIST-1 b;1.51088432;1.116;0.09956;397.6;;;
9256;4;GO;10;610;transit;TRAPPIST-1;;346.6265217;-5.04353;15.645100;10.296;2566;TRAPPIST-1 b;1.51088432;1.116;0.09956;397.6;;;
9256;4;GO;11;612;transit;TRAPPIST-1;;346.6265217;-5.04353;15.645100;10.296;2566;TRAPPIST-1 e;6.101013;0.920;0.0821;249.7;;;
9256;4;GO;12;613*;transit;TRAPPIST-1;;346.6265217;-5.04353;15.645100;10.296;2566;TRAPPIST-1 e;6.101013;0.920;0.0821;249.7;;;
9256;4;GO;13;615;transit;TRAPPIST-1;;346.6265217;-5.04353;15.645100;10.296;2566;TRAPPIST-1 e;6.101013;0.920;0.0821;249.7;;;
9256;4;GO;14;616;transit;TRAPPIST-1;;346.6265217;-5.04353;15.645100;10.296;2566;TRAPPIST-1 e;6.101013;0.920;0.0821;249.7;;;
